// @generated by crates/scah/scripts/generate_entities.py; do not edit.
// Source: https://html.spec.whatwg.org/entities.json
// Source SHA-256: d741d877ac77c4194c4ad526b5b4a19aef8dfe411ab840a466891cdbb9f362e6
// Entry count: 2231
// Fixture: crates/scah/scripts/entities.json
// Third-party license: THIRD_PARTY_LICENSES/WHATWG-HTML.txt
//
// Layout: sorted names/values as raw UTF-8 blobs plus exclusive-end
// offset tables. Kept relocation-free so no-text binaries do not pay
// for a large relocated `.data` entity image.

pub(super) const MAX_NAME_LEN: usize = 32;
pub(super) const NAMED_ENTITY_COUNT: usize = 2231;

pub(super) static ENTITY_NAMES: [u8; 16641] = [
    0x41, 0x45, 0x6C, 0x69, 0x67, 0x41, 0x45, 0x6C, 0x69, 0x67, 0x3B, 0x41, 0x4D, 0x50, 0x41, 0x4D,
    0x50, 0x3B, 0x41, 0x61, 0x63, 0x75, 0x74, 0x65, 0x41, 0x61, 0x63, 0x75, 0x74, 0x65, 0x3B, 0x41,
    0x62, 0x72, 0x65, 0x76, 0x65, 0x3B, 0x41, 0x63, 0x69, 0x72, 0x63, 0x41, 0x63, 0x69, 0x72, 0x63,
    0x3B, 0x41, 0x63, 0x79, 0x3B, 0x41, 0x66, 0x72, 0x3B, 0x41, 0x67, 0x72, 0x61, 0x76, 0x65, 0x41,
    0x67, 0x72, 0x61, 0x76, 0x65, 0x3B, 0x41, 0x6C, 0x70, 0x68, 0x61, 0x3B, 0x41, 0x6D, 0x61, 0x63,
    0x72, 0x3B, 0x41, 0x6E, 0x64, 0x3B, 0x41, 0x6F, 0x67, 0x6F, 0x6E, 0x3B, 0x41, 0x6F, 0x70, 0x66,
    0x3B, 0x41, 0x70, 0x70, 0x6C, 0x79, 0x46, 0x75, 0x6E, 0x63, 0x74, 0x69, 0x6F, 0x6E, 0x3B, 0x41,
    0x72, 0x69, 0x6E, 0x67, 0x41, 0x72, 0x69, 0x6E, 0x67, 0x3B, 0x41, 0x73, 0x63, 0x72, 0x3B, 0x41,
    0x73, 0x73, 0x69, 0x67, 0x6E, 0x3B, 0x41, 0x74, 0x69, 0x6C, 0x64, 0x65, 0x41, 0x74, 0x69, 0x6C,
    0x64, 0x65, 0x3B, 0x41, 0x75, 0x6D, 0x6C, 0x41, 0x75, 0x6D, 0x6C, 0x3B, 0x42, 0x61, 0x63, 0x6B,
    0x73, 0x6C, 0x61, 0x73, 0x68, 0x3B, 0x42, 0x61, 0x72, 0x76, 0x3B, 0x42, 0x61, 0x72, 0x77, 0x65,
    0x64, 0x3B, 0x42, 0x63, 0x79, 0x3B, 0x42, 0x65, 0x63, 0x61, 0x75, 0x73, 0x65, 0x3B, 0x42, 0x65,
    0x72, 0x6E, 0x6F, 0x75, 0x6C, 0x6C, 0x69, 0x73, 0x3B, 0x42, 0x65, 0x74, 0x61, 0x3B, 0x42, 0x66,
    0x72, 0x3B, 0x42, 0x6F, 0x70, 0x66, 0x3B, 0x42, 0x72, 0x65, 0x76, 0x65, 0x3B, 0x42, 0x73, 0x63,
    0x72, 0x3B, 0x42, 0x75, 0x6D, 0x70, 0x65, 0x71, 0x3B, 0x43, 0x48, 0x63, 0x79, 0x3B, 0x43, 0x4F,
    0x50, 0x59, 0x43, 0x4F, 0x50, 0x59, 0x3B, 0x43, 0x61, 0x63, 0x75, 0x74, 0x65, 0x3B, 0x43, 0x61,
    0x70, 0x3B, 0x43, 0x61, 0x70, 0x69, 0x74, 0x61, 0x6C, 0x44, 0x69, 0x66, 0x66, 0x65, 0x72, 0x65,
    0x6E, 0x74, 0x69, 0x61, 0x6C, 0x44, 0x3B, 0x43, 0x61, 0x79, 0x6C, 0x65, 0x79, 0x73, 0x3B, 0x43,
    0x63, 0x61, 0x72, 0x6F, 0x6E, 0x3B, 0x43, 0x63, 0x65, 0x64, 0x69, 0x6C, 0x43, 0x63, 0x65, 0x64,
    0x69, 0x6C, 0x3B, 0x43, 0x63, 0x69, 0x72, 0x63, 0x3B, 0x43, 0x63, 0x6F, 0x6E, 0x69, 0x6E, 0x74,
    0x3B, 0x43, 0x64, 0x6F, 0x74, 0x3B, 0x43, 0x65, 0x64, 0x69, 0x6C, 0x6C, 0x61, 0x3B, 0x43, 0x65,
    0x6E, 0x74, 0x65, 0x72, 0x44, 0x6F, 0x74, 0x3B, 0x43, 0x66, 0x72, 0x3B, 0x43, 0x68, 0x69, 0x3B,
    0x43, 0x69, 0x72, 0x63, 0x6C, 0x65, 0x44, 0x6F, 0x74, 0x3B, 0x43, 0x69, 0x72, 0x63, 0x6C, 0x65,
    0x4D, 0x69, 0x6E, 0x75, 0x73, 0x3B, 0x43, 0x69, 0x72, 0x63, 0x6C, 0x65, 0x50, 0x6C, 0x75, 0x73,
    0x3B, 0x43, 0x69, 0x72, 0x63, 0x6C, 0x65, 0x54, 0x69, 0x6D, 0x65, 0x73, 0x3B, 0x43, 0x6C, 0x6F,
    0x63, 0x6B, 0x77, 0x69, 0x73, 0x65, 0x43, 0x6F, 0x6E, 0x74, 0x6F, 0x75, 0x72, 0x49, 0x6E, 0x74,
    0x65, 0x67, 0x72, 0x61, 0x6C, 0x3B, 0x43, 0x6C, 0x6F, 0x73, 0x65, 0x43, 0x75, 0x72, 0x6C, 0x79,
    0x44, 0x6F, 0x75, 0x62, 0x6C, 0x65, 0x51, 0x75, 0x6F, 0x74, 0x65, 0x3B, 0x43, 0x6C, 0x6F, 0x73,
    0x65, 0x43, 0x75, 0x72, 0x6C, 0x79, 0x51, 0x75, 0x6F, 0x74, 0x65, 0x3B, 0x43, 0x6F, 0x6C, 0x6F,
    0x6E, 0x3B, 0x43, 0x6F, 0x6C, 0x6F, 0x6E, 0x65, 0x3B, 0x43, 0x6F, 0x6E, 0x67, 0x72, 0x75, 0x65,
    0x6E, 0x74, 0x3B, 0x43, 0x6F, 0x6E, 0x69, 0x6E, 0x74, 0x3B, 0x43, 0x6F, 0x6E, 0x74, 0x6F, 0x75,
    0x72, 0x49, 0x6E, 0x74, 0x65, 0x67, 0x72, 0x61, 0x6C, 0x3B, 0x43, 0x6F, 0x70, 0x66, 0x3B, 0x43,
    0x6F, 0x70, 0x72, 0x6F, 0x64, 0x75, 0x63, 0x74, 0x3B, 0x43, 0x6F, 0x75, 0x6E, 0x74, 0x65, 0x72,
    0x43, 0x6C, 0x6F, 0x63, 0x6B, 0x77, 0x69, 0x73, 0x65, 0x43, 0x6F, 0x6E, 0x74, 0x6F, 0x75, 0x72,
    0x49, 0x6E, 0x74, 0x65, 0x67, 0x72, 0x61, 0x6C, 0x3B, 0x43, 0x72, 0x6F, 0x73, 0x73, 0x3B, 0x43,
    0x73, 0x63, 0x72, 0x3B, 0x43, 0x75, 0x70, 0x3B, 0x43, 0x75, 0x70, 0x43, 0x61, 0x70, 0x3B, 0x44,
    0x44, 0x3B, 0x44, 0x44, 0x6F, 0x74, 0x72, 0x61, 0x68, 0x64, 0x3B, 0x44, 0x4A, 0x63, 0x79, 0x3B,
    0x44, 0x53, 0x63, 0x79, 0x3B, 0x44, 0x5A, 0x63, 0x79, 0x3B, 0x44, 0x61, 0x67, 0x67, 0x65, 0x72,
    0x3B, 0x44, 0x61, 0x72, 0x72, 0x3B, 0x44, 0x61, 0x73, 0x68, 0x76, 0x3B, 0x44, 0x63, 0x61, 0x72,
    0x6F, 0x6E, 0x3B, 0x44, 0x63, 0x79, 0x3B, 0x44, 0x65, 0x6C, 0x3B, 0x44, 0x65, 0x6C, 0x74, 0x61,
    0x3B, 0x44, 0x66, 0x72, 0x3B, 0x44, 0x69, 0x61, 0x63, 0x72, 0x69, 0x74, 0x69, 0x63, 0x61, 0x6C,
    0x41, 0x63, 0x75, 0x74, 0x65, 0x3B, 0x44, 0x69, 0x61, 0x63, 0x72, 0x69, 0x74, 0x69, 0x63, 0x61,
    0x6C, 0x44, 0x6F, 0x74, 0x3B, 0x44, 0x69, 0x61, 0x63, 0x72, 0x69, 0x74, 0x69, 0x63, 0x61, 0x6C,
    0x44, 0x6F, 0x75, 0x62, 0x6C, 0x65, 0x41, 0x63, 0x75, 0x74, 0x65, 0x3B, 0x44, 0x69, 0x61, 0x63,
    0x72, 0x69, 0x74, 0x69, 0x63, 0x61, 0x6C, 0x47, 0x72, 0x61, 0x76, 0x65, 0x3B, 0x44, 0x69, 0x61,
    0x63, 0x72, 0x69, 0x74, 0x69, 0x63, 0x61, 0x6C, 0x54, 0x69, 0x6C, 0x64, 0x65, 0x3B, 0x44, 0x69,
    0x61, 0x6D, 0x6F, 0x6E, 0x64, 0x3B, 0x44, 0x69, 0x66, 0x66, 0x65, 0x72, 0x65, 0x6E, 0x74, 0x69,
    0x61, 0x6C, 0x44, 0x3B, 0x44, 0x6F, 0x70, 0x66, 0x3B, 0x44, 0x6F, 0x74, 0x3B, 0x44, 0x6F, 0x74,
    0x44, 0x6F, 0x74, 0x3B, 0x44, 0x6F, 0x74, 0x45, 0x71, 0x75, 0x61, 0x6C, 0x3B, 0x44, 0x6F, 0x75,
    0x62, 0x6C, 0x65, 0x43, 0x6F, 0x6E, 0x74, 0x6F, 0x75, 0x72, 0x49, 0x6E, 0x74, 0x65, 0x67, 0x72,
    0x61, 0x6C, 0x3B, 0x44, 0x6F, 0x75, 0x62, 0x6C, 0x65, 0x44, 0x6F, 0x74, 0x3B, 0x44, 0x6F, 0x75,
    0x62, 0x6C, 0x65, 0x44, 0x6F, 0x77, 0x6E, 0x41, 0x72, 0x72, 0x6F, 0x77, 0x3B, 0x44, 0x6F, 0x75,
    0x62, 0x6C, 0x65, 0x4C, 0x65, 0x66, 0x74, 0x41, 0x72, 0x72, 0x6F, 0x77, 0x3B, 0x44, 0x6F, 0x75,
    0x62, 0x6C, 0x65, 0x4C, 0x65, 0x66, 0x74, 0x52, 0x69, 0x67, 0x68, 0x74, 0x41, 0x72, 0x72, 0x6F,
    0x77, 0x3B, 0x44, 0x6F, 0x75, 0x62, 0x6C, 0x65, 0x4C, 0x65, 0x66, 0x74, 0x54, 0x65, 0x65, 0x3B,
    0x44, 0x6F, 0x75, 0x62, 0x6C, 0x65, 0x4C, 0x6F, 0x6E, 0x67, 0x4C, 0x65, 0x66, 0x74, 0x41, 0x72,
    0x72, 0x6F, 0x77, 0x3B, 0x44, 0x6F, 0x75, 0x62, 0x6C, 0x65, 0x4C, 0x6F, 0x6E, 0x67, 0x4C, 0x65,
    0x66, 0x74, 0x52, 0x69, 0x67, 0x68, 0x74, 0x41, 0x72, 0x72, 0x6F, 0x77, 0x3B, 0x44, 0x6F, 0x75,
    0x62, 0x6C, 0x65, 0x4C, 0x6F, 0x6E, 0x67, 0x52, 0x69, 0x67, 0x68, 0x74, 0x41, 0x72, 0x72, 0x6F,
    0x77, 0x3B, 0x44, 0x6F, 0x75, 0x62, 0x6C, 0x65, 0x52, 0x69, 0x67, 0x68, 0x74, 0x41, 0x72, 0x72,
    0x6F, 0x77, 0x3B, 0x44, 0x6F, 0x75, 0x62, 0x6C, 0x65, 0x52, 0x69, 0x67, 0x68, 0x74, 0x54, 0x65,
    0x65, 0x3B, 0x44, 0x6F, 0x75, 0x62, 0x6C, 0x65, 0x55, 0x70, 0x41, 0x72, 0x72, 0x6F, 0x77, 0x3B,
    0x44, 0x6F, 0x75, 0x62, 0x6C, 0x65, 0x55, 0x70, 0x44, 0x6F, 0x77, 0x6E, 0x41, 0x72, 0x72, 0x6F,
    0x77, 0x3B, 0x44, 0x6F, 0x75, 0x62, 0x6C, 0x65, 0x56, 0x65, 0x72, 0x74, 0x69, 0x63, 0x61, 0x6C,
    0x42, 0x61, 0x72, 0x3B, 0x44, 0x6F, 0x77, 0x6E, 0x41, 0x72, 0x72, 0x6F, 0x77, 0x3B, 0x44, 0x6F,
    0x77, 0x6E, 0x41, 0x72, 0x72, 0x6F, 0x77, 0x42, 0x61, 0x72, 0x3B, 0x44, 0x6F, 0x77, 0x6E, 0x41,
    0x72, 0x72, 0x6F, 0x77, 0x55, 0x70, 0x41, 0x72, 0x72, 0x6F, 0x77, 0x3B, 0x44, 0x6F, 0x77, 0x6E,
    0x42, 0x72, 0x65, 0x76, 0x65, 0x3B, 0x44, 0x6F, 0x77, 0x6E, 0x4C, 0x65, 0x66, 0x74, 0x52, 0x69,
    0x67, 0x68, 0x74, 0x56, 0x65, 0x63, 0x74, 0x6F, 0x72, 0x3B, 0x44, 0x6F, 0x77, 0x6E, 0x4C, 0x65,
    0x66, 0x74, 0x54, 0x65, 0x65, 0x56, 0x65, 0x63, 0x74, 0x6F, 0x72, 0x3B, 0x44, 0x6F, 0x77, 0x6E,
    0x4C, 0x65, 0x66, 0x74, 0x56, 0x65, 0x63, 0x74, 0x6F, 0x72, 0x3B, 0x44, 0x6F, 0x77, 0x6E, 0x4C,
    0x65, 0x66, 0x74, 0x56, 0x65, 0x63, 0x74, 0x6F, 0x72, 0x42, 0x61, 0x72, 0x3B, 0x44, 0x6F, 0x77,
    0x6E, 0x52, 0x69, 0x67, 0x68, 0x74, 0x54, 0x65, 0x65, 0x56, 0x65, 0x63, 0x74, 0x6F, 0x72, 0x3B,
    0x44, 0x6F, 0x77, 0x6E, 0x52, 0x69, 0x67, 0x68, 0x74, 0x56, 0x65, 0x63, 0x74, 0x6F, 0x72, 0x3B,
    0x44, 0x6F, 0x77, 0x6E, 0x52, 0x69, 0x67, 0x68, 0x74, 0x56, 0x65, 0x63, 0x74, 0x6F, 0x72, 0x42,
    0x61, 0x72, 0x3B, 0x44, 0x6F, 0x77, 0x6E, 0x54, 0x65, 0x65, 0x3B, 0x44, 0x6F, 0x77, 0x6E, 0x54,
    0x65, 0x65, 0x41, 0x72, 0x72, 0x6F, 0x77, 0x3B, 0x44, 0x6F, 0x77, 0x6E, 0x61, 0x72, 0x72, 0x6F,
    0x77, 0x3B, 0x44, 0x73, 0x63, 0x72, 0x3B, 0x44, 0x73, 0x74, 0x72, 0x6F, 0x6B, 0x3B, 0x45, 0x4E,
    0x47, 0x3B, 0x45, 0x54, 0x48, 0x45, 0x54, 0x48, 0x3B, 0x45, 0x61, 0x63, 0x75, 0x74, 0x65, 0x45,
    0x61, 0x63, 0x75, 0x74, 0x65, 0x3B, 0x45, 0x63, 0x61, 0x72, 0x6F, 0x6E, 0x3B, 0x45, 0x63, 0x69,
    0x72, 0x63, 0x45, 0x63, 0x69, 0x72, 0x63, 0x3B, 0x45, 0x63, 0x79, 0x3B, 0x45, 0x64, 0x6F, 0x74,
    0x3B, 0x45, 0x66, 0x72, 0x3B, 0x45, 0x67, 0x72, 0x61, 0x76, 0x65, 0x45, 0x67, 0x72, 0x61, 0x76,
    0x65, 0x3B, 0x45, 0x6C, 0x65, 0x6D, 0x65, 0x6E, 0x74, 0x3B, 0x45, 0x6D, 0x61, 0x63, 0x72, 0x3B,
    0x45, 0x6D, 0x70, 0x74, 0x79, 0x53, 0x6D, 0x61, 0x6C, 0x6C, 0x53, 0x71, 0x75, 0x61, 0x72, 0x65,
    0x3B, 0x45, 0x6D, 0x70, 0x74, 0x79, 0x56, 0x65, 0x72, 0x79, 0x53, 0x6D, 0x61, 0x6C, 0x6C, 0x53,
    0x71, 0x75, 0x61, 0x72, 0x65, 0x3B, 0x45, 0x6F, 0x67, 0x6F, 0x6E, 0x3B, 0x45, 0x6F, 0x70, 0x66,
    0x3B, 0x45, 0x70, 0x73, 0x69, 0x6C, 0x6F, 0x6E, 0x3B, 0x45, 0x71, 0x75, 0x61, 0x6C, 0x3B, 0x45,
    0x71, 0x75, 0x61, 0x6C, 0x54, 0x69, 0x6C, 0x64, 0x65, 0x3B, 0x45, 0x71, 0x75, 0x69, 0x6C, 0x69,
    0x62, 0x72, 0x69, 0x75, 0x6D, 0x3B, 0x45, 0x73, 0x63, 0x72, 0x3B, 0x45, 0x73, 0x69, 0x6D, 0x3B,
    0x45, 0x74, 0x61, 0x3B, 0x45, 0x75, 0x6D, 0x6C, 0x45, 0x75, 0x6D, 0x6C, 0x3B, 0x45, 0x78, 0x69,
    0x73, 0x74, 0x73, 0x3B, 0x45, 0x78, 0x70, 0x6F, 0x6E, 0x65, 0x6E, 0x74, 0x69, 0x61, 0x6C, 0x45,
    0x3B, 0x46, 0x63, 0x79, 0x3B, 0x46, 0x66, 0x72, 0x3B, 0x46, 0x69, 0x6C, 0x6C, 0x65, 0x64, 0x53,
    0x6D, 0x61, 0x6C, 0x6C, 0x53, 0x71, 0x75, 0x61, 0x72, 0x65, 0x3B, 0x46, 0x69, 0x6C, 0x6C, 0x65,
    0x64, 0x56, 0x65, 0x72, 0x79, 0x53, 0x6D, 0x61, 0x6C, 0x6C, 0x53, 0x71, 0x75, 0x61, 0x72, 0x65,
    0x3B, 0x46, 0x6F, 0x70, 0x66, 0x3B, 0x46, 0x6F, 0x72, 0x41, 0x6C, 0x6C, 0x3B, 0x46, 0x6F, 0x75,
    0x72, 0x69, 0x65, 0x72, 0x74, 0x72, 0x66, 0x3B, 0x46, 0x73, 0x63, 0x72, 0x3B, 0x47, 0x4A, 0x63,
    0x79, 0x3B, 0x47, 0x54, 0x47, 0x54, 0x3B, 0x47, 0x61, 0x6D, 0x6D, 0x61, 0x3B, 0x47, 0x61, 0x6D,
    0x6D, 0x61, 0x64, 0x3B, 0x47, 0x62, 0x72, 0x65, 0x76, 0x65, 0x3B, 0x47, 0x63, 0x65, 0x64, 0x69,
    0x6C, 0x3B, 0x47, 0x63, 0x69, 0x72, 0x63, 0x3B, 0x47, 0x63, 0x79, 0x3B, 0x47, 0x64, 0x6F, 0x74,
    0x3B, 0x47, 0x66, 0x72, 0x3B, 0x47, 0x67, 0x3B, 0x47, 0x6F, 0x70, 0x66, 0x3B, 0x47, 0x72, 0x65,
    0x61, 0x74, 0x65, 0x72, 0x45, 0x71, 0x75, 0x61, 0x6C, 0x3B, 0x47, 0x72, 0x65, 0x61, 0x74, 0x65,
    0x72, 0x45, 0x71, 0x75, 0x61, 0x6C, 0x4C, 0x65, 0x73, 0x73, 0x3B, 0x47, 0x72, 0x65, 0x61, 0x74,
    0x65, 0x72, 0x46, 0x75, 0x6C, 0x6C, 0x45, 0x71, 0x75, 0x61, 0x6C, 0x3B, 0x47, 0x72, 0x65, 0x61,
    0x74, 0x65, 0x72, 0x47, 0x72, 0x65, 0x61, 0x74, 0x65, 0x72, 0x3B, 0x47, 0x72, 0x65, 0x61, 0x74,
    0x65, 0x72, 0x4C, 0x65, 0x73, 0x73, 0x3B, 0x47, 0x72, 0x65, 0x61, 0x74, 0x65, 0x72, 0x53, 0x6C,
    0x61, 0x6E, 0x74, 0x45, 0x71, 0x75, 0x61, 0x6C, 0x3B, 0x47, 0x72, 0x65, 0x61, 0x74, 0x65, 0x72,
    0x54, 0x69, 0x6C, 0x64, 0x65, 0x3B, 0x47, 0x73, 0x63, 0x72, 0x3B, 0x47, 0x74, 0x3B, 0x48, 0x41,
    0x52, 0x44, 0x63, 0x79, 0x3B, 0x48, 0x61, 0x63, 0x65, 0x6B, 0x3B, 0x48, 0x61, 0x74, 0x3B, 0x48,
    0x63, 0x69, 0x72, 0x63, 0x3B, 0x48, 0x66, 0x72, 0x3B, 0x48, 0x69, 0x6C, 0x62, 0x65, 0x72, 0x74,
    0x53, 0x70, 0x61, 0x63, 0x65, 0x3B, 0x48, 0x6F, 0x70, 0x66, 0x3B, 0x48, 0x6F, 0x72, 0x69, 0x7A,
    0x6F, 0x6E, 0x74, 0x61, 0x6C, 0x4C, 0x69, 0x6E, 0x65, 0x3B, 0x48, 0x73, 0x63, 0x72, 0x3B, 0x48,
    0x73, 0x74, 0x72, 0x6F, 0x6B, 0x3B, 0x48, 0x75, 0x6D, 0x70, 0x44, 0x6F, 0x77, 0x6E, 0x48, 0x75,
    0x6D, 0x70, 0x3B, 0x48, 0x75, 0x6D, 0x70, 0x45, 0x71, 0x75, 0x61, 0x6C, 0x3B, 0x49, 0x45, 0x63,
    0x79, 0x3B, 0x49, 0x4A, 0x6C, 0x69, 0x67, 0x3B, 0x49, 0x4F, 0x63, 0x79, 0x3B, 0x49, 0x61, 0x63,
    0x75, 0x74, 0x65, 0x49, 0x61, 0x63, 0x75, 0x74, 0x65, 0x3B, 0x49, 0x63, 0x69, 0x72, 0x63, 0x49,
    0x63, 0x69, 0x72, 0x63, 0x3B, 0x49, 0x63, 0x79, 0x3B, 0x49, 0x64, 0x6F, 0x74, 0x3B, 0x49, 0x66,
    0x72, 0x3B, 0x49, 0x67, 0x72, 0x61, 0x76, 0x65, 0x49, 0x67, 0x72, 0x61, 0x76, 0x65, 0x3B, 0x49,
    0x6D, 0x3B, 0x49, 0x6D, 0x61, 0x63, 0x72, 0x3B, 0x49, 0x6D, 0x61, 0x67, 0x69, 0x6E, 0x61, 0x72,
    0x79, 0x49, 0x3B, 0x49, 0x6D, 0x70, 0x6C, 0x69, 0x65, 0x73, 0x3B, 0x49, 0x6E, 0x74, 0x3B, 0x49,
    0x6E, 0x74, 0x65, 0x67, 0x72, 0x61, 0x6C, 0x3B, 0x49, 0x6E, 0x74, 0x65, 0x72, 0x73, 0x65, 0x63,
    0x74, 0x69, 0x6F, 0x6E, 0x3B, 0x49, 0x6E, 0x76, 0x69, 0x73, 0x69, 0x62, 0x6C, 0x65, 0x43, 0x6F,
    0x6D, 0x6D, 0x61, 0x3B, 0x49, 0x6E, 0x76, 0x69, 0x73, 0x69, 0x62, 0x6C, 0x65, 0x54, 0x69, 0x6D,
    0x65, 0x73, 0x3B, 0x49, 0x6F, 0x67, 0x6F, 0x6E, 0x3B, 0x49, 0x6F, 0x70, 0x66, 0x3B, 0x49, 0x6F,
    0x74, 0x61, 0x3B, 0x49, 0x73, 0x63, 0x72, 0x3B, 0x49, 0x74, 0x69, 0x6C, 0x64, 0x65, 0x3B, 0x49,
    0x75, 0x6B, 0x63, 0x79, 0x3B, 0x49, 0x75, 0x6D, 0x6C, 0x49, 0x75, 0x6D, 0x6C, 0x3B, 0x4A, 0x63,
    0x69, 0x72, 0x63, 0x3B, 0x4A, 0x63, 0x79, 0x3B, 0x4A, 0x66, 0x72, 0x3B, 0x4A, 0x6F, 0x70, 0x66,
    0x3B, 0x4A, 0x73, 0x63, 0x72, 0x3B, 0x4A, 0x73, 0x65, 0x72, 0x63, 0x79, 0x3B, 0x4A, 0x75, 0x6B,
    0x63, 0x79, 0x3B, 0x4B, 0x48, 0x63, 0x79, 0x3B, 0x4B, 0x4A, 0x63, 0x79, 0x3B, 0x4B, 0x61, 0x70,
    0x70, 0x61, 0x3B, 0x4B, 0x63, 0x65, 0x64, 0x69, 0x6C, 0x3B, 0x4B, 0x63, 0x79, 0x3B, 0x4B, 0x66,
    0x72, 0x3B, 0x4B, 0x6F, 0x70, 0x66, 0x3B, 0x4B, 0x73, 0x63, 0x72, 0x3B, 0x4C, 0x4A, 0x63, 0x79,
    0x3B, 0x4C, 0x54, 0x4C, 0x54, 0x3B, 0x4C, 0x61, 0x63, 0x75, 0x74, 0x65, 0x3B, 0x4C, 0x61, 0x6D,
    0x62, 0x64, 0x61, 0x3B, 0x4C, 0x61, 0x6E, 0x67, 0x3B, 0x4C, 0x61, 0x70, 0x6C, 0x61, 0x63, 0x65,
    0x74, 0x72, 0x66, 0x3B, 0x4C, 0x61, 0x72, 0x72, 0x3B, 0x4C, 0x63, 0x61, 0x72, 0x6F, 0x6E, 0x3B,
    0x4C, 0x63, 0x65, 0x64, 0x69, 0x6C, 0x3B, 0x4C, 0x63, 0x79, 0x3B, 0x4C, 0x65, 0x66, 0x74, 0x41,
    0x6E, 0x67, 0x6C, 0x65, 0x42, 0x72, 0x61, 0x63, 0x6B, 0x65, 0x74, 0x3B, 0x4C, 0x65, 0x66, 0x74,
    0x41, 0x72, 0x72, 0x6F, 0x77, 0x3B, 0x4C, 0x65, 0x66, 0x74, 0x41, 0x72, 0x72, 0x6F, 0x77, 0x42,
    0x61, 0x72, 0x3B, 0x4C, 0x65, 0x66, 0x74, 0x41, 0x72, 0x72, 0x6F, 0x77, 0x52, 0x69, 0x67, 0x68,
    0x74, 0x41, 0x72, 0x72, 0x6F, 0x77, 0x3B, 0x4C, 0x65, 0x66, 0x74, 0x43, 0x65, 0x69, 0x6C, 0x69,
    0x6E, 0x67, 0x3B, 0x4C, 0x65, 0x66, 0x74, 0x44, 0x6F, 0x75, 0x62, 0x6C, 0x65, 0x42, 0x72, 0x61,
    0x63, 0x6B, 0x65, 0x74, 0x3B, 0x4C, 0x65, 0x66, 0x74, 0x44, 0x6F, 0x77, 0x6E, 0x54, 0x65, 0x65,
    0x56, 0x65, 0x63, 0x74, 0x6F, 0x72, 0x3B, 0x4C, 0x65, 0x66, 0x74, 0x44, 0x6F, 0x77, 0x6E, 0x56,
    0x65, 0x63, 0x74, 0x6F, 0x72, 0x3B, 0x4C, 0x65, 0x66, 0x74, 0x44, 0x6F, 0x77, 0x6E, 0x56, 0x65,
    0x63, 0x74, 0x6F, 0x72, 0x42, 0x61, 0x72, 0x3B, 0x4C, 0x65, 0x66, 0x74, 0x46, 0x6C, 0x6F, 0x6F,
    0x72, 0x3B, 0x4C, 0x65, 0x66, 0x74, 0x52, 0x69, 0x67, 0x68, 0x74, 0x41, 0x72, 0x72, 0x6F, 0x77,
    0x3B, 0x4C, 0x65, 0x66, 0x74, 0x52, 0x69, 0x67, 0x68, 0x74, 0x56, 0x65, 0x63, 0x74, 0x6F, 0x72,
    0x3B, 0x4C, 0x65, 0x66, 0x74, 0x54, 0x65, 0x65, 0x3B, 0x4C, 0x65, 0x66, 0x74, 0x54, 0x65, 0x65,
    0x41, 0x72, 0x72, 0x6F, 0x77, 0x3B, 0x4C, 0x65, 0x66, 0x74, 0x54, 0x65, 0x65, 0x56, 0x65, 0x63,
    0x74, 0x6F, 0x72, 0x3B, 0x4C, 0x65, 0x66, 0x74, 0x54, 0x72, 0x69, 0x61, 0x6E, 0x67, 0x6C, 0x65,
    0x3B, 0x4C, 0x65, 0x66, 0x74, 0x54, 0x72, 0x69, 0x61, 0x6E, 0x67, 0x6C, 0x65, 0x42, 0x61, 0x72,
    0x3B, 0x4C, 0x65, 0x66, 0x74, 0x54, 0x72, 0x69, 0x61, 0x6E, 0x67, 0x6C, 0x65, 0x45, 0x71, 0x75,
    0x61, 0x6C, 0x3B, 0x4C, 0x65, 0x66, 0x74, 0x55, 0x70, 0x44, 0x6F, 0x77, 0x6E, 0x56, 0x65, 0x63,
    0x74, 0x6F, 0x72, 0x3B, 0x4C, 0x65, 0x66, 0x74, 0x55, 0x70, 0x54, 0x65, 0x65, 0x56, 0x65, 0x63,
    0x74, 0x6F, 0x72, 0x3B, 0x4C, 0x65, 0x66, 0x74, 0x55, 0x70, 0x56, 0x65, 0x63, 0x74, 0x6F, 0x72,
    0x3B, 0x4C, 0x65, 0x66, 0x74, 0x55, 0x70, 0x56, 0x65, 0x63, 0x74, 0x6F, 0x72, 0x42, 0x61, 0x72,
    0x3B, 0x4C, 0x65, 0x66, 0x74, 0x56, 0x65, 0x63, 0x74, 0x6F, 0x72, 0x3B, 0x4C, 0x65, 0x66, 0x74,
    0x56, 0x65, 0x63, 0x74, 0x6F, 0x72, 0x42, 0x61, 0x72, 0x3B, 0x4C, 0x65, 0x66, 0x74, 0x61, 0x72,
    0x72, 0x6F, 0x77, 0x3B, 0x4C, 0x65, 0x66, 0x74, 0x72, 0x69, 0x67, 0x68, 0x74, 0x61, 0x72, 0x72,
    0x6F, 0x77, 0x3B, 0x4C, 0x65, 0x73, 0x73, 0x45, 0x71, 0x75, 0x61, 0x6C, 0x47, 0x72, 0x65, 0x61,
    0x74, 0x65, 0x72, 0x3B, 0x4C, 0x65, 0x73, 0x73, 0x46, 0x75, 0x6C, 0x6C, 0x45, 0x71, 0x75, 0x61,
    0x6C, 0x3B, 0x4C, 0x65, 0x73, 0x73, 0x47, 0x72, 0x65, 0x61, 0x74, 0x65, 0x72, 0x3B, 0x4C, 0x65,
    0x73, 0x73, 0x4C, 0x65, 0x73, 0x73, 0x3B, 0x4C, 0x65, 0x73, 0x73, 0x53, 0x6C, 0x61, 0x6E, 0x74,
    0x45, 0x71, 0x75, 0x61, 0x6C, 0x3B, 0x4C, 0x65, 0x73, 0x73, 0x54, 0x69, 0x6C, 0x64, 0x65, 0x3B,
    0x4C, 0x66, 0x72, 0x3B, 0x4C, 0x6C, 0x3B, 0x4C, 0x6C, 0x65, 0x66, 0x74, 0x61, 0x72, 0x72, 0x6F,
    0x77, 0x3B, 0x4C, 0x6D, 0x69, 0x64, 0x6F, 0x74, 0x3B, 0x4C, 0x6F, 0x6E, 0x67, 0x4C, 0x65, 0x66,
    0x74, 0x41, 0x72, 0x72, 0x6F, 0x77, 0x3B, 0x4C, 0x6F, 0x6E, 0x67, 0x4C, 0x65, 0x66, 0x74, 0x52,
    0x69, 0x67, 0x68, 0x74, 0x41, 0x72, 0x72, 0x6F, 0x77, 0x3B, 0x4C, 0x6F, 0x6E, 0x67, 0x52, 0x69,
    0x67, 0x68, 0x74, 0x41, 0x72, 0x72, 0x6F, 0x77, 0x3B, 0x4C, 0x6F, 0x6E, 0x67, 0x6C, 0x65, 0x66,
    0x74, 0x61, 0x72, 0x72, 0x6F, 0x77, 0x3B, 0x4C, 0x6F, 0x6E, 0x67, 0x6C, 0x65, 0x66, 0x74, 0x72,
    0x69, 0x67, 0x68, 0x74, 0x61, 0x72, 0x72, 0x6F, 0x77, 0x3B, 0x4C, 0x6F, 0x6E, 0x67, 0x72, 0x69,
    0x67, 0x68, 0x74, 0x61, 0x72, 0x72, 0x6F, 0x77, 0x3B, 0x4C, 0x6F, 0x70, 0x66, 0x3B, 0x4C, 0x6F,
    0x77, 0x65, 0x72, 0x4C, 0x65, 0x66, 0x74, 0x41, 0x72, 0x72, 0x6F, 0x77, 0x3B, 0x4C, 0x6F, 0x77,
    0x65, 0x72, 0x52, 0x69, 0x67, 0x68, 0x74, 0x41, 0x72, 0x72, 0x6F, 0x77, 0x3B, 0x4C, 0x73, 0x63,
    0x72, 0x3B, 0x4C, 0x73, 0x68, 0x3B, 0x4C, 0x73, 0x74, 0x72, 0x6F, 0x6B, 0x3B, 0x4C, 0x74, 0x3B,
    0x4D, 0x61, 0x70, 0x3B, 0x4D, 0x63, 0x79, 0x3B, 0x4D, 0x65, 0x64, 0x69, 0x75, 0x6D, 0x53, 0x70,
    0x61, 0x63, 0x65, 0x3B, 0x4D, 0x65, 0x6C, 0x6C, 0x69, 0x6E, 0x74, 0x72, 0x66, 0x3B, 0x4D, 0x66,
    0x72, 0x3B, 0x4D, 0x69, 0x6E, 0x75, 0x73, 0x50, 0x6C, 0x75, 0x73, 0x3B, 0x4D, 0x6F, 0x70, 0x66,
    0x3B, 0x4D, 0x73, 0x63, 0x72, 0x3B, 0x4D, 0x75, 0x3B, 0x4E, 0x4A, 0x63, 0x79, 0x3B, 0x4E, 0x61,
    0x63, 0x75, 0x74, 0x65, 0x3B, 0x4E, 0x63, 0x61, 0x72, 0x6F, 0x6E, 0x3B, 0x4E, 0x63, 0x65, 0x64,
    0x69, 0x6C, 0x3B, 0x4E, 0x63, 0x79, 0x3B, 0x4E, 0x65, 0x67, 0x61, 0x74, 0x69, 0x76, 0x65, 0x4D,
    0x65, 0x64, 0x69, 0x75, 0x6D, 0x53, 0x70, 0x61, 0x63, 0x65, 0x3B, 0x4E, 0x65, 0x67, 0x61, 0x74,
    0x69, 0x76, 0x65, 0x54, 0x68, 0x69, 0x63, 0x6B, 0x53, 0x70, 0x61, 0x63, 0x65, 0x3B, 0x4E, 0x65,
    0x67, 0x61, 0x74, 0x69, 0x76, 0x65, 0x54, 0x68, 0x69, 0x6E, 0x53, 0x70, 0x61, 0x63, 0x65, 0x3B,
    0x4E, 0x65, 0x67, 0x61, 0x74, 0x69, 0x76, 0x65, 0x56, 0x65, 0x72, 0x79, 0x54, 0x68, 0x69, 0x6E,
    0x53, 0x70, 0x61, 0x63, 0x65, 0x3B, 0x4E, 0x65, 0x73, 0x74, 0x65, 0x64, 0x47, 0x72, 0x65, 0x61,
    0x74, 0x65, 0x72, 0x47, 0x72, 0x65, 0x61, 0x74, 0x65, 0x72, 0x3B, 0x4E, 0x65, 0x73, 0x74, 0x65,
    0x64, 0x4C, 0x65, 0x73, 0x73, 0x4C, 0x65, 0x73, 0x73, 0x3B, 0x4E, 0x65, 0x77, 0x4C, 0x69, 0x6E,
    0x65, 0x3B, 0x4E, 0x66, 0x72, 0x3B, 0x4E, 0x6F, 0x42, 0x72, 0x65, 0x61, 0x6B, 0x3B, 0x4E, 0x6F,
    0x6E, 0x42, 0x72, 0x65, 0x61, 0x6B, 0x69, 0x6E, 0x67, 0x53, 0x70, 0x61, 0x63, 0x65, 0x3B, 0x4E,
    0x6F, 0x70, 0x66, 0x3B, 0x4E, 0x6F, 0x74, 0x3B, 0x4E, 0x6F, 0x74, 0x43, 0x6F, 0x6E, 0x67, 0x72,
    0x75, 0x65, 0x6E, 0x74, 0x3B, 0x4E, 0x6F, 0x74, 0x43, 0x75, 0x70, 0x43, 0x61, 0x70, 0x3B, 0x4E,
    0x6F, 0x74, 0x44, 0x6F, 0x75, 0x62, 0x6C, 0x65, 0x56, 0x65, 0x72, 0x74, 0x69, 0x63, 0x61, 0x6C,
    0x42, 0x61, 0x72, 0x3B, 0x4E, 0x6F, 0x74, 0x45, 0x6C, 0x65, 0x6D, 0x65, 0x6E, 0x74, 0x3B, 0x4E,
    0x6F, 0x74, 0x45, 0x71, 0x75, 0x61, 0x6C, 0x3B, 0x4E, 0x6F, 0x74, 0x45, 0x71, 0x75, 0x61, 0x6C,
    0x54, 0x69, 0x6C, 0x64, 0x65, 0x3B, 0x4E, 0x6F, 0x74, 0x45, 0x78, 0x69, 0x73, 0x74, 0x73, 0x3B,
    0x4E, 0x6F, 0x74, 0x47, 0x72, 0x65, 0x61, 0x74, 0x65, 0x72, 0x3B, 0x4E, 0x6F, 0x74, 0x47, 0x72,
    0x65, 0x61, 0x74, 0x65, 0x72, 0x45, 0x71, 0x75, 0x61, 0x6C, 0x3B, 0x4E, 0x6F, 0x74, 0x47, 0x72,
    0x65, 0x61, 0x74, 0x65, 0x72, 0x46, 0x75, 0x6C, 0x6C, 0x45, 0x71, 0x75, 0x61, 0x6C, 0x3B, 0x4E,
    0x6F, 0x74, 0x47, 0x72, 0x65, 0x61, 0x74, 0x65, 0x72, 0x47, 0x72, 0x65, 0x61, 0x74, 0x65, 0x72,
    0x3B, 0x4E, 0x6F, 0x74, 0x47, 0x72, 0x65, 0x61, 0x74, 0x65, 0x72, 0x4C, 0x65, 0x73, 0x73, 0x3B,
    0x4E, 0x6F, 0x74, 0x47, 0x72, 0x65, 0x61, 0x74, 0x65, 0x72, 0x53, 0x6C, 0x61, 0x6E, 0x74, 0x45,
    0x71, 0x75, 0x61, 0x6C, 0x3B, 0x4E, 0x6F, 0x74, 0x47, 0x72, 0x65, 0x61, 0x74, 0x65, 0x72, 0x54,
    0x69, 0x6C, 0x64, 0x65, 0x3B, 0x4E, 0x6F, 0x74, 0x48, 0x75, 0x6D, 0x70, 0x44, 0x6F, 0x77, 0x6E,
    0x48, 0x75, 0x6D, 0x70, 0x3B, 0x4E, 0x6F, 0x74, 0x48, 0x75, 0x6D, 0x70, 0x45, 0x71, 0x75, 0x61,
    0x6C, 0x3B, 0x4E, 0x6F, 0x74, 0x4C, 0x65, 0x66, 0x74, 0x54, 0x72, 0x69, 0x61, 0x6E, 0x67, 0x6C,
    0x65, 0x3B, 0x4E, 0x6F, 0x74, 0x4C, 0x65, 0x66, 0x74, 0x54, 0x72, 0x69, 0x61, 0x6E, 0x67, 0x6C,
    0x65, 0x42, 0x61, 0x72, 0x3B, 0x4E, 0x6F, 0x74, 0x4C, 0x65, 0x66, 0x74, 0x54, 0x72, 0x69, 0x61,
    0x6E, 0x67, 0x6C, 0x65, 0x45, 0x71, 0x75, 0x61, 0x6C, 0x3B, 0x4E, 0x6F, 0x74, 0x4C, 0x65, 0x73,
    0x73, 0x3B, 0x4E, 0x6F, 0x74, 0x4C, 0x65, 0x73, 0x73, 0x45, 0x71, 0x75, 0x61, 0x6C, 0x3B, 0x4E,
    0x6F, 0x74, 0x4C, 0x65, 0x73, 0x73, 0x47, 0x72, 0x65, 0x61, 0x74, 0x65, 0x72, 0x3B, 0x4E, 0x6F,
    0x74, 0x4C, 0x65, 0x73, 0x73, 0x4C, 0x65, 0x73, 0x73, 0x3B, 0x4E, 0x6F, 0x74, 0x4C, 0x65, 0x73,
    0x73, 0x53, 0x6C, 0x61, 0x6E, 0x74, 0x45, 0x71, 0x75, 0x61, 0x6C, 0x3B, 0x4E, 0x6F, 0x74, 0x4C,
    0x65, 0x73, 0x73, 0x54, 0x69, 0x6C, 0x64, 0x65, 0x3B, 0x4E, 0x6F, 0x74, 0x4E, 0x65, 0x73, 0x74,
    0x65, 0x64, 0x47, 0x72, 0x65, 0x61, 0x74, 0x65, 0x72, 0x47, 0x72, 0x65, 0x61, 0x74, 0x65, 0x72,
    0x3B, 0x4E, 0x6F, 0x74, 0x4E, 0x65, 0x73, 0x74, 0x65, 0x64, 0x4C, 0x65, 0x73, 0x73, 0x4C, 0x65,
    0x73, 0x73, 0x3B, 0x4E, 0x6F, 0x74, 0x50, 0x72, 0x65, 0x63, 0x65, 0x64, 0x65, 0x73, 0x3B, 0x4E,
    0x6F, 0x74, 0x50, 0x72, 0x65, 0x63, 0x65, 0x64, 0x65, 0x73, 0x45, 0x71, 0x75, 0x61, 0x6C, 0x3B,
    0x4E, 0x6F, 0x74, 0x50, 0x72, 0x65, 0x63, 0x65, 0x64, 0x65, 0x73, 0x53, 0x6C, 0x61, 0x6E, 0x74,
    0x45, 0x71, 0x75, 0x61, 0x6C, 0x3B, 0x4E, 0x6F, 0x74, 0x52, 0x65, 0x76, 0x65, 0x72, 0x73, 0x65,
    0x45, 0x6C, 0x65, 0x6D, 0x65, 0x6E, 0x74, 0x3B, 0x4E, 0x6F, 0x74, 0x52, 0x69, 0x67, 0x68, 0x74,
    0x54, 0x72, 0x69, 0x61, 0x6E, 0x67, 0x6C, 0x65, 0x3B, 0x4E, 0x6F, 0x74, 0x52, 0x69, 0x67, 0x68,
    0x74, 0x54, 0x72, 0x69, 0x61, 0x6E, 0x67, 0x6C, 0x65, 0x42, 0x61, 0x72, 0x3B, 0x4E, 0x6F, 0x74,
    0x52, 0x69, 0x67, 0x68, 0x74, 0x54, 0x72, 0x69, 0x61, 0x6E, 0x67, 0x6C, 0x65, 0x45, 0x71, 0x75,
    0x61, 0x6C, 0x3B, 0x4E, 0x6F, 0x74, 0x53, 0x71, 0x75, 0x61, 0x72, 0x65, 0x53, 0x75, 0x62, 0x73,
    0x65, 0x74, 0x3B, 0x4E, 0x6F, 0x74, 0x53, 0x71, 0x75, 0x61, 0x72, 0x65, 0x53, 0x75, 0x62, 0x73,
    0x65, 0x74, 0x45, 0x71, 0x75, 0x61, 0x6C, 0x3B, 0x4E, 0x6F, 0x74, 0x53, 0x71, 0x75, 0x61, 0x72,
    0x65, 0x53, 0x75, 0x70, 0x65, 0x72, 0x73, 0x65, 0x74, 0x3B, 0x4E, 0x6F, 0x74, 0x53, 0x71, 0x75,
    0x61, 0x72, 0x65, 0x53, 0x75, 0x70, 0x65, 0x72, 0x73, 0x65, 0x74, 0x45, 0x71, 0x75, 0x61, 0x6C,
    0x3B, 0x4E, 0x6F, 0x74, 0x53, 0x75, 0x62, 0x73, 0x65, 0x74, 0x3B, 0x4E, 0x6F, 0x74, 0x53, 0x75,
    0x62, 0x73, 0x65, 0x74, 0x45, 0x71, 0x75, 0x61, 0x6C, 0x3B, 0x4E, 0x6F, 0x74, 0x53, 0x75, 0x63,
    0x63, 0x65, 0x65, 0x64, 0x73, 0x3B, 0x4E, 0x6F, 0x74, 0x53, 0x75, 0x63, 0x63, 0x65, 0x65, 0x64,
    0x73, 0x45, 0x71, 0x75, 0x61, 0x6C, 0x3B, 0x4E, 0x6F, 0x74, 0x53, 0x75, 0x63, 0x63, 0x65, 0x65,
    0x64, 0x73, 0x53, 0x6C, 0x61, 0x6E, 0x74, 0x45, 0x71, 0x75, 0x61, 0x6C, 0x3B, 0x4E, 0x6F, 0x74,
    0x53, 0x75, 0x63, 0x63, 0x65, 0x65, 0x64, 0x73, 0x54, 0x69, 0x6C, 0x64, 0x65, 0x3B, 0x4E, 0x6F,
    0x74, 0x53, 0x75, 0x70, 0x65, 0x72, 0x73, 0x65, 0x74, 0x3B, 0x4E, 0x6F, 0x74, 0x53, 0x75, 0x70,
    0x65, 0x72, 0x73, 0x65, 0x74, 0x45, 0x71, 0x75, 0x61, 0x6C, 0x3B, 0x4E, 0x6F, 0x74, 0x54, 0x69,
    0x6C, 0x64, 0x65, 0x3B, 0x4E, 0x6F, 0x74, 0x54, 0x69, 0x6C, 0x64, 0x65, 0x45, 0x71, 0x75, 0x61,
    0x6C, 0x3B, 0x4E, 0x6F, 0x74, 0x54, 0x69, 0x6C, 0x64, 0x65, 0x46, 0x75, 0x6C, 0x6C, 0x45, 0x71,
    0x75, 0x61, 0x6C, 0x3B, 0x4E, 0x6F, 0x74, 0x54, 0x69, 0x6C, 0x64, 0x65, 0x54, 0x69, 0x6C, 0x64,
    0x65, 0x3B, 0x4E, 0x6F, 0x74, 0x56, 0x65, 0x72, 0x74, 0x69, 0x63, 0x61, 0x6C, 0x42, 0x61, 0x72,
    0x3B, 0x4E, 0x73, 0x63, 0x72, 0x3B, 0x4E, 0x74, 0x69, 0x6C, 0x64, 0x65, 0x4E, 0x74, 0x69, 0x6C,
    0x64, 0x65, 0x3B, 0x4E, 0x75, 0x3B, 0x4F, 0x45, 0x6C, 0x69, 0x67, 0x3B, 0x4F, 0x61, 0x63, 0x75,
    0x74, 0x65, 0x4F, 0x61, 0x63, 0x75, 0x74, 0x65, 0x3B, 0x4F, 0x63, 0x69, 0x72, 0x63, 0x4F, 0x63,
    0x69, 0x72, 0x63, 0x3B, 0x4F, 0x63, 0x79, 0x3B, 0x4F, 0x64, 0x62, 0x6C, 0x61, 0x63, 0x3B, 0x4F,
    0x66, 0x72, 0x3B, 0x4F, 0x67, 0x72, 0x61, 0x76, 0x65, 0x4F, 0x67, 0x72, 0x61, 0x76, 0x65, 0x3B,
    0x4F, 0x6D, 0x61, 0x63, 0x72, 0x3B, 0x4F, 0x6D, 0x65, 0x67, 0x61, 0x3B, 0x4F, 0x6D, 0x69, 0x63,
    0x72, 0x6F, 0x6E, 0x3B, 0x4F, 0x6F, 0x70, 0x66, 0x3B, 0x4F, 0x70, 0x65, 0x6E, 0x43, 0x75, 0x72,
    0x6C, 0x79, 0x44, 0x6F, 0x75, 0x62, 0x6C, 0x65, 0x51, 0x75, 0x6F, 0x74, 0x65, 0x3B, 0x4F, 0x70,
    0x65, 0x6E, 0x43, 0x75, 0x72, 0x6C, 0x79, 0x51, 0x75, 0x6F, 0x74, 0x65, 0x3B, 0x4F, 0x72, 0x3B,
    0x4F, 0x73, 0x63, 0x72, 0x3B, 0x4F, 0x73, 0x6C, 0x61, 0x73, 0x68, 0x4F, 0x73, 0x6C, 0x61, 0x73,
    0x68, 0x3B, 0x4F, 0x74, 0x69, 0x6C, 0x64, 0x65, 0x4F, 0x74, 0x69, 0x6C, 0x64, 0x65, 0x3B, 0x4F,
    0x74, 0x69, 0x6D, 0x65, 0x73, 0x3B, 0x4F, 0x75, 0x6D, 0x6C, 0x4F, 0x75, 0x6D, 0x6C, 0x3B, 0x4F,
    0x76, 0x65, 0x72, 0x42, 0x61, 0x72, 0x3B, 0x4F, 0x76, 0x65, 0x72, 0x42, 0x72, 0x61, 0x63, 0x65,
    0x3B, 0x4F, 0x76, 0x65, 0x72, 0x42, 0x72, 0x61, 0x63, 0x6B, 0x65, 0x74, 0x3B, 0x4F, 0x76, 0x65,
    0x72, 0x50, 0x61, 0x72, 0x65, 0x6E, 0x74, 0x68, 0x65, 0x73, 0x69, 0x73, 0x3B, 0x50, 0x61, 0x72,
    0x74, 0x69, 0x61, 0x6C, 0x44, 0x3B, 0x50, 0x63, 0x79, 0x3B, 0x50, 0x66, 0x72, 0x3B, 0x50, 0x68,
    0x69, 0x3B, 0x50, 0x69, 0x3B, 0x50, 0x6C, 0x75, 0x73, 0x4D, 0x69, 0x6E, 0x75, 0x73, 0x3B, 0x50,
    0x6F, 0x69, 0x6E, 0x63, 0x61, 0x72, 0x65, 0x70, 0x6C, 0x61, 0x6E, 0x65, 0x3B, 0x50, 0x6F, 0x70,
    0x66, 0x3B, 0x50, 0x72, 0x3B, 0x50, 0x72, 0x65, 0x63, 0x65, 0x64, 0x65, 0x73, 0x3B, 0x50, 0x72,
    0x65, 0x63, 0x65, 0x64, 0x65, 0x73, 0x45, 0x71, 0x75, 0x61, 0x6C, 0x3B, 0x50, 0x72, 0x65, 0x63,
    0x65, 0x64, 0x65, 0x73, 0x53, 0x6C, 0x61, 0x6E, 0x74, 0x45, 0x71, 0x75, 0x61, 0x6C, 0x3B, 0x50,
    0x72, 0x65, 0x63, 0x65, 0x64, 0x65, 0x73, 0x54, 0x69, 0x6C, 0x64, 0x65, 0x3B, 0x50, 0x72, 0x69,
    0x6D, 0x65, 0x3B, 0x50, 0x72, 0x6F, 0x64, 0x75, 0x63, 0x74, 0x3B, 0x50, 0x72, 0x6F, 0x70, 0x6F,
    0x72, 0x74, 0x69, 0x6F, 0x6E, 0x3B, 0x50, 0x72, 0x6F, 0x70, 0x6F, 0x72, 0x74, 0x69, 0x6F, 0x6E,
    0x61, 0x6C, 0x3B, 0x50, 0x73, 0x63, 0x72, 0x3B, 0x50, 0x73, 0x69, 0x3B, 0x51, 0x55, 0x4F, 0x54,
    0x51, 0x55, 0x4F, 0x54, 0x3B, 0x51, 0x66, 0x72, 0x3B, 0x51, 0x6F, 0x70, 0x66, 0x3B, 0x51, 0x73,
    0x63, 0x72, 0x3B, 0x52, 0x42, 0x61, 0x72, 0x72, 0x3B, 0x52, 0x45, 0x47, 0x52, 0x45, 0x47, 0x3B,
    0x52, 0x61, 0x63, 0x75, 0x74, 0x65, 0x3B, 0x52, 0x61, 0x6E, 0x67, 0x3B, 0x52, 0x61, 0x72, 0x72,
    0x3B, 0x52, 0x61, 0x72, 0x72, 0x74, 0x6C, 0x3B, 0x52, 0x63, 0x61, 0x72, 0x6F, 0x6E, 0x3B, 0x52,
    0x63, 0x65, 0x64, 0x69, 0x6C, 0x3B, 0x52, 0x63, 0x79, 0x3B, 0x52, 0x65, 0x3B, 0x52, 0x65, 0x76,
    0x65, 0x72, 0x73, 0x65, 0x45, 0x6C, 0x65, 0x6D, 0x65, 0x6E, 0x74, 0x3B, 0x52, 0x65, 0x76, 0x65,
    0x72, 0x73, 0x65, 0x45, 0x71, 0x75, 0x69, 0x6C, 0x69, 0x62, 0x72, 0x69, 0x75, 0x6D, 0x3B, 0x52,
    0x65, 0x76, 0x65, 0x72, 0x73, 0x65, 0x55, 0x70, 0x45, 0x71, 0x75, 0x69, 0x6C, 0x69, 0x62, 0x72,
    0x69, 0x75, 0x6D, 0x3B, 0x52, 0x66, 0x72, 0x3B, 0x52, 0x68, 0x6F, 0x3B, 0x52, 0x69, 0x67, 0x68,
    0x74, 0x41, 0x6E, 0x67, 0x6C, 0x65, 0x42, 0x72, 0x61, 0x63, 0x6B, 0x65, 0x74, 0x3B, 0x52, 0x69,
    0x67, 0x68, 0x74, 0x41, 0x72, 0x72, 0x6F, 0x77, 0x3B, 0x52, 0x69, 0x67, 0x68, 0x74, 0x41, 0x72,
    0x72, 0x6F, 0x77, 0x42, 0x61, 0x72, 0x3B, 0x52, 0x69, 0x67, 0x68, 0x74, 0x41, 0x72, 0x72, 0x6F,
    0x77, 0x4C, 0x65, 0x66, 0x74, 0x41, 0x72, 0x72, 0x6F, 0x77, 0x3B, 0x52, 0x69, 0x67, 0x68, 0x74,
    0x43, 0x65, 0x69, 0x6C, 0x69, 0x6E, 0x67, 0x3B, 0x52, 0x69, 0x67, 0x68, 0x74, 0x44, 0x6F, 0x75,
    0x62, 0x6C, 0x65, 0x42, 0x72, 0x61, 0x63, 0x6B, 0x65, 0x74, 0x3B, 0x52, 0x69, 0x67, 0x68, 0x74,
    0x44, 0x6F, 0x77, 0x6E, 0x54, 0x65, 0x65, 0x56, 0x65, 0x63, 0x74, 0x6F, 0x72, 0x3B, 0x52, 0x69,
    0x67, 0x68, 0x74, 0x44, 0x6F, 0x77, 0x6E, 0x56, 0x65, 0x63, 0x74, 0x6F, 0x72, 0x3B, 0x52, 0x69,
    0x67, 0x68, 0x74, 0x44, 0x6F, 0x77, 0x6E, 0x56, 0x65, 0x63, 0x74, 0x6F, 0x72, 0x42, 0x61, 0x72,
    0x3B, 0x52, 0x69, 0x67, 0x68, 0x74, 0x46, 0x6C, 0x6F, 0x6F, 0x72, 0x3B, 0x52, 0x69, 0x67, 0x68,
    0x74, 0x54, 0x65, 0x65, 0x3B, 0x52, 0x69, 0x67, 0x68, 0x74, 0x54, 0x65, 0x65, 0x41, 0x72, 0x72,
    0x6F, 0x77, 0x3B, 0x52, 0x69, 0x67, 0x68, 0x74, 0x54, 0x65, 0x65, 0x56, 0x65, 0x63, 0x74, 0x6F,
    0x72, 0x3B, 0x52, 0x69, 0x67, 0x68, 0x74, 0x54, 0x72, 0x69, 0x61, 0x6E, 0x67, 0x6C, 0x65, 0x3B,
    0x52, 0x69, 0x67, 0x68, 0x74, 0x54, 0x72, 0x69, 0x61, 0x6E, 0x67, 0x6C, 0x65, 0x42, 0x61, 0x72,
    0x3B, 0x52, 0x69, 0x67, 0x68, 0x74, 0x54, 0x72, 0x69, 0x61, 0x6E, 0x67, 0x6C, 0x65, 0x45, 0x71,
    0x75, 0x61, 0x6C, 0x3B, 0x52, 0x69, 0x67, 0x68, 0x74, 0x55, 0x70, 0x44, 0x6F, 0x77, 0x6E, 0x56,
    0x65, 0x63, 0x74, 0x6F, 0x72, 0x3B, 0x52, 0x69, 0x67, 0x68, 0x74, 0x55, 0x70, 0x54, 0x65, 0x65,
    0x56, 0x65, 0x63, 0x74, 0x6F, 0x72, 0x3B, 0x52, 0x69, 0x67, 0x68, 0x74, 0x55, 0x70, 0x56, 0x65,
    0x63, 0x74, 0x6F, 0x72, 0x3B, 0x52, 0x69, 0x67, 0x68, 0x74, 0x55, 0x70, 0x56, 0x65, 0x63, 0x74,
    0x6F, 0x72, 0x42, 0x61, 0x72, 0x3B, 0x52, 0x69, 0x67, 0x68, 0x74, 0x56, 0x65, 0x63, 0x74, 0x6F,
    0x72, 0x3B, 0x52, 0x69, 0x67, 0x68, 0x74, 0x56, 0x65, 0x63, 0x74, 0x6F, 0x72, 0x42, 0x61, 0x72,
    0x3B, 0x52, 0x69, 0x67, 0x68, 0x74, 0x61, 0x72, 0x72, 0x6F, 0x77, 0x3B, 0x52, 0x6F, 0x70, 0x66,
    0x3B, 0x52, 0x6F, 0x75, 0x6E, 0x64, 0x49, 0x6D, 0x70, 0x6C, 0x69, 0x65, 0x73, 0x3B, 0x52, 0x72,
    0x69, 0x67, 0x68, 0x74, 0x61, 0x72, 0x72, 0x6F, 0x77, 0x3B, 0x52, 0x73, 0x63, 0x72, 0x3B, 0x52,
    0x73, 0x68, 0x3B, 0x52, 0x75, 0x6C, 0x65, 0x44, 0x65, 0x6C, 0x61, 0x79, 0x65, 0x64, 0x3B, 0x53,
    0x48, 0x43, 0x48, 0x63, 0x79, 0x3B, 0x53, 0x48, 0x63, 0x79, 0x3B, 0x53, 0x4F, 0x46, 0x54, 0x63,
    0x79, 0x3B, 0x53, 0x61, 0x63, 0x75, 0x74, 0x65, 0x3B, 0x53, 0x63, 0x3B, 0x53, 0x63, 0x61, 0x72,
    0x6F, 0x6E, 0x3B, 0x53, 0x63, 0x65, 0x64, 0x69, 0x6C, 0x3B, 0x53, 0x63, 0x69, 0x72, 0x63, 0x3B,
    0x53, 0x63, 0x79, 0x3B, 0x53, 0x66, 0x72, 0x3B, 0x53, 0x68, 0x6F, 0x72, 0x74, 0x44, 0x6F, 0x77,
    0x6E, 0x41, 0x72, 0x72, 0x6F, 0x77, 0x3B, 0x53, 0x68, 0x6F, 0x72, 0x74, 0x4C, 0x65, 0x66, 0x74,
    0x41, 0x72, 0x72, 0x6F, 0x77, 0x3B, 0x53, 0x68, 0x6F, 0x72, 0x74, 0x52, 0x69, 0x67, 0x68, 0x74,
    0x41, 0x72, 0x72, 0x6F, 0x77, 0x3B, 0x53, 0x68, 0x6F, 0x72, 0x74, 0x55, 0x70, 0x41, 0x72, 0x72,
    0x6F, 0x77, 0x3B, 0x53, 0x69, 0x67, 0x6D, 0x61, 0x3B, 0x53, 0x6D, 0x61, 0x6C, 0x6C, 0x43, 0x69,
    0x72, 0x63, 0x6C, 0x65, 0x3B, 0x53, 0x6F, 0x70, 0x66, 0x3B, 0x53, 0x71, 0x72, 0x74, 0x3B, 0x53,
    0x71, 0x75, 0x61, 0x72, 0x65, 0x3B, 0x53, 0x71, 0x75, 0x61, 0x72, 0x65, 0x49, 0x6E, 0x74, 0x65,
    0x72, 0x73, 0x65, 0x63, 0x74, 0x69, 0x6F, 0x6E, 0x3B, 0x53, 0x71, 0x75, 0x61, 0x72, 0x65, 0x53,
    0x75, 0x62, 0x73, 0x65, 0x74, 0x3B, 0x53, 0x71, 0x75, 0x61, 0x72, 0x65, 0x53, 0x75, 0x62, 0x73,
    0x65, 0x74, 0x45, 0x71, 0x75, 0x61, 0x6C, 0x3B, 0x53, 0x71, 0x75, 0x61, 0x72, 0x65, 0x53, 0x75,
    0x70, 0x65, 0x72, 0x73, 0x65, 0x74, 0x3B, 0x53, 0x71, 0x75, 0x61, 0x72, 0x65, 0x53, 0x75, 0x70,
    0x65, 0x72, 0x73, 0x65, 0x74, 0x45, 0x71, 0x75, 0x61, 0x6C, 0x3B, 0x53, 0x71, 0x75, 0x61, 0x72,
    0x65, 0x55, 0x6E, 0x69, 0x6F, 0x6E, 0x3B, 0x53, 0x73, 0x63, 0x72, 0x3B, 0x53, 0x74, 0x61, 0x72,
    0x3B, 0x53, 0x75, 0x62, 0x3B, 0x53, 0x75, 0x62, 0x73, 0x65, 0x74, 0x3B, 0x53, 0x75, 0x62, 0x73,
    0x65, 0x74, 0x45, 0x71, 0x75, 0x61, 0x6C, 0x3B, 0x53, 0x75, 0x63, 0x63, 0x65, 0x65, 0x64, 0x73,
    0x3B, 0x53, 0x75, 0x63, 0x63, 0x65, 0x65, 0x64, 0x73, 0x45, 0x71, 0x75, 0x61, 0x6C, 0x3B, 0x53,
    0x75, 0x63, 0x63, 0x65, 0x65, 0x64, 0x73, 0x53, 0x6C, 0x61, 0x6E, 0x74, 0x45, 0x71, 0x75, 0x61,
    0x6C, 0x3B, 0x53, 0x75, 0x63, 0x63, 0x65, 0x65, 0x64, 0x73, 0x54, 0x69, 0x6C, 0x64, 0x65, 0x3B,
    0x53, 0x75, 0x63, 0x68, 0x54, 0x68, 0x61, 0x74, 0x3B, 0x53, 0x75, 0x6D, 0x3B, 0x53, 0x75, 0x70,
    0x3B, 0x53, 0x75, 0x70, 0x65, 0x72, 0x73, 0x65, 0x74, 0x3B, 0x53, 0x75, 0x70, 0x65, 0x72, 0x73,
    0x65, 0x74, 0x45, 0x71, 0x75, 0x61, 0x6C, 0x3B, 0x53, 0x75, 0x70, 0x73, 0x65, 0x74, 0x3B, 0x54,
    0x48, 0x4F, 0x52, 0x4E, 0x54, 0x48, 0x4F, 0x52, 0x4E, 0x3B, 0x54, 0x52, 0x41, 0x44, 0x45, 0x3B,
    0x54, 0x53, 0x48, 0x63, 0x79, 0x3B, 0x54, 0x53, 0x63, 0x79, 0x3B, 0x54, 0x61, 0x62, 0x3B, 0x54,
    0x61, 0x75, 0x3B, 0x54, 0x63, 0x61, 0x72, 0x6F, 0x6E, 0x3B, 0x54, 0x63, 0x65, 0x64, 0x69, 0x6C,
    0x3B, 0x54, 0x63, 0x79, 0x3B, 0x54, 0x66, 0x72, 0x3B, 0x54, 0x68, 0x65, 0x72, 0x65, 0x66, 0x6F,
    0x72, 0x65, 0x3B, 0x54, 0x68, 0x65, 0x74, 0x61, 0x3B, 0x54, 0x68, 0x69, 0x63, 0x6B, 0x53, 0x70,
    0x61, 0x63, 0x65, 0x3B, 0x54, 0x68, 0x69, 0x6E, 0x53, 0x70, 0x61, 0x63, 0x65, 0x3B, 0x54, 0x69,
    0x6C, 0x64, 0x65, 0x3B, 0x54, 0x69, 0x6C, 0x64, 0x65, 0x45, 0x71, 0x75, 0x61, 0x6C, 0x3B, 0x54,
    0x69, 0x6C, 0x64, 0x65, 0x46, 0x75, 0x6C, 0x6C, 0x45, 0x71, 0x75, 0x61, 0x6C, 0x3B, 0x54, 0x69,
    0x6C, 0x64, 0x65, 0x54, 0x69, 0x6C, 0x64, 0x65, 0x3B, 0x54, 0x6F, 0x70, 0x66, 0x3B, 0x54, 0x72,
    0x69, 0x70, 0x6C, 0x65, 0x44, 0x6F, 0x74, 0x3B, 0x54, 0x73, 0x63, 0x72, 0x3B, 0x54, 0x73, 0x74,
    0x72, 0x6F, 0x6B, 0x3B, 0x55, 0x61, 0x63, 0x75, 0x74, 0x65, 0x55, 0x61, 0x63, 0x75, 0x74, 0x65,
    0x3B, 0x55, 0x61, 0x72, 0x72, 0x3B, 0x55, 0x61, 0x72, 0x72, 0x6F, 0x63, 0x69, 0x72, 0x3B, 0x55,
    0x62, 0x72, 0x63, 0x79, 0x3B, 0x55, 0x62, 0x72, 0x65, 0x76, 0x65, 0x3B, 0x55, 0x63, 0x69, 0x72,
    0x63, 0x55, 0x63, 0x69, 0x72, 0x63, 0x3B, 0x55, 0x63, 0x79, 0x3B, 0x55, 0x64, 0x62, 0x6C, 0x61,
    0x63, 0x3B, 0x55, 0x66, 0x72, 0x3B, 0x55, 0x67, 0x72, 0x61, 0x76, 0x65, 0x55, 0x67, 0x72, 0x61,
    0x76, 0x65, 0x3B, 0x55, 0x6D, 0x61, 0x63, 0x72, 0x3B, 0x55, 0x6E, 0x64, 0x65, 0x72, 0x42, 0x61,
    0x72, 0x3B, 0x55, 0x6E, 0x64, 0x65, 0x72, 0x42, 0x72, 0x61, 0x63, 0x65, 0x3B, 0x55, 0x6E, 0x64,
    0x65, 0x72, 0x42, 0x72, 0x61, 0x63, 0x6B, 0x65, 0x74, 0x3B, 0x55, 0x6E, 0x64, 0x65, 0x72, 0x50,
    0x61, 0x72, 0x65, 0x6E, 0x74, 0x68, 0x65, 0x73, 0x69, 0x73, 0x3B, 0x55, 0x6E, 0x69, 0x6F, 0x6E,
    0x3B, 0x55, 0x6E, 0x69, 0x6F, 0x6E, 0x50, 0x6C, 0x75, 0x73, 0x3B, 0x55, 0x6F, 0x67, 0x6F, 0x6E,
    0x3B, 0x55, 0x6F, 0x70, 0x66, 0x3B, 0x55, 0x70, 0x41, 0x72, 0x72, 0x6F, 0x77, 0x3B, 0x55, 0x70,
    0x41, 0x72, 0x72, 0x6F, 0x77, 0x42, 0x61, 0x72, 0x3B, 0x55, 0x70, 0x41, 0x72, 0x72, 0x6F, 0x77,
    0x44, 0x6F, 0x77, 0x6E, 0x41, 0x72, 0x72, 0x6F, 0x77, 0x3B, 0x55, 0x70, 0x44, 0x6F, 0x77, 0x6E,
    0x41, 0x72, 0x72, 0x6F, 0x77, 0x3B, 0x55, 0x70, 0x45, 0x71, 0x75, 0x69, 0x6C, 0x69, 0x62, 0x72,
    0x69, 0x75, 0x6D, 0x3B, 0x55, 0x70, 0x54, 0x65, 0x65, 0x3B, 0x55, 0x70, 0x54, 0x65, 0x65, 0x41,
    0x72, 0x72, 0x6F, 0x77, 0x3B, 0x55, 0x70, 0x61, 0x72, 0x72, 0x6F, 0x77, 0x3B, 0x55, 0x70, 0x64,
    0x6F, 0x77, 0x6E, 0x61, 0x72, 0x72, 0x6F, 0x77, 0x3B, 0x55, 0x70, 0x70, 0x65, 0x72, 0x4C, 0x65,
    0x66, 0x74, 0x41, 0x72, 0x72, 0x6F, 0x77, 0x3B, 0x55, 0x70, 0x70, 0x65, 0x72, 0x52, 0x69, 0x67,
    0x68, 0x74, 0x41, 0x72, 0x72, 0x6F, 0x77, 0x3B, 0x55, 0x70, 0x73, 0x69, 0x3B, 0x55, 0x70, 0x73,
    0x69, 0x6C, 0x6F, 0x6E, 0x3B, 0x55, 0x72, 0x69, 0x6E, 0x67, 0x3B, 0x55, 0x73, 0x63, 0x72, 0x3B,
    0x55, 0x74, 0x69, 0x6C, 0x64, 0x65, 0x3B, 0x55, 0x75, 0x6D, 0x6C, 0x55, 0x75, 0x6D, 0x6C, 0x3B,
    0x56, 0x44, 0x61, 0x73, 0x68, 0x3B, 0x56, 0x62, 0x61, 0x72, 0x3B, 0x56, 0x63, 0x79, 0x3B, 0x56,
    0x64, 0x61, 0x73, 0x68, 0x3B, 0x56, 0x64, 0x61, 0x73, 0x68, 0x6C, 0x3B, 0x56, 0x65, 0x65, 0x3B,
    0x56, 0x65, 0x72, 0x62, 0x61, 0x72, 0x3B, 0x56, 0x65, 0x72, 0x74, 0x3B, 0x56, 0x65, 0x72, 0x74,
    0x69, 0x63, 0x61, 0x6C, 0x42, 0x61, 0x72, 0x3B, 0x56, 0x65, 0x72, 0x74, 0x69, 0x63, 0x61, 0x6C,
    0x4C, 0x69, 0x6E, 0x65, 0x3B, 0x56, 0x65, 0x72, 0x74, 0x69, 0x63, 0x61, 0x6C, 0x53, 0x65, 0x70,
    0x61, 0x72, 0x61, 0x74, 0x6F, 0x72, 0x3B, 0x56, 0x65, 0x72, 0x74, 0x69, 0x63, 0x61, 0x6C, 0x54,
    0x69, 0x6C, 0x64, 0x65, 0x3B, 0x56, 0x65, 0x72, 0x79, 0x54, 0x68, 0x69, 0x6E, 0x53, 0x70, 0x61,
    0x63, 0x65, 0x3B, 0x56, 0x66, 0x72, 0x3B, 0x56, 0x6F, 0x70, 0x66, 0x3B, 0x56, 0x73, 0x63, 0x72,
    0x3B, 0x56, 0x76, 0x64, 0x61, 0x73, 0x68, 0x3B, 0x57, 0x63, 0x69, 0x72, 0x63, 0x3B, 0x57, 0x65,
    0x64, 0x67, 0x65, 0x3B, 0x57, 0x66, 0x72, 0x3B, 0x57, 0x6F, 0x70, 0x66, 0x3B, 0x57, 0x73, 0x63,
    0x72, 0x3B, 0x58, 0x66, 0x72, 0x3B, 0x58, 0x69, 0x3B, 0x58, 0x6F, 0x70, 0x66, 0x3B, 0x58, 0x73,
    0x63, 0x72, 0x3B, 0x59, 0x41, 0x63, 0x79, 0x3B, 0x59, 0x49, 0x63, 0x79, 0x3B, 0x59, 0x55, 0x63,
    0x79, 0x3B, 0x59, 0x61, 0x63, 0x75, 0x74, 0x65, 0x59, 0x61, 0x63, 0x75, 0x74, 0x65, 0x3B, 0x59,
    0x63, 0x69, 0x72, 0x63, 0x3B, 0x59, 0x63, 0x79, 0x3B, 0x59, 0x66, 0x72, 0x3B, 0x59, 0x6F, 0x70,
    0x66, 0x3B, 0x59, 0x73, 0x63, 0x72, 0x3B, 0x59, 0x75, 0x6D, 0x6C, 0x3B, 0x5A, 0x48, 0x63, 0x79,
    0x3B, 0x5A, 0x61, 0x63, 0x75, 0x74, 0x65, 0x3B, 0x5A, 0x63, 0x61, 0x72, 0x6F, 0x6E, 0x3B, 0x5A,
    0x63, 0x79, 0x3B, 0x5A, 0x64, 0x6F, 0x74, 0x3B, 0x5A, 0x65, 0x72, 0x6F, 0x57, 0x69, 0x64, 0x74,
    0x68, 0x53, 0x70, 0x61, 0x63, 0x65, 0x3B, 0x5A, 0x65, 0x74, 0x61, 0x3B, 0x5A, 0x66, 0x72, 0x3B,
    0x5A, 0x6F, 0x70, 0x66, 0x3B, 0x5A, 0x73, 0x63, 0x72, 0x3B, 0x61, 0x61, 0x63, 0x75, 0x74, 0x65,
    0x61, 0x61, 0x63, 0x75, 0x74, 0x65, 0x3B, 0x61, 0x62, 0x72, 0x65, 0x76, 0x65, 0x3B, 0x61, 0x63,
    0x3B, 0x61, 0x63, 0x45, 0x3B, 0x61, 0x63, 0x64, 0x3B, 0x61, 0x63, 0x69, 0x72, 0x63, 0x61, 0x63,
    0x69, 0x72, 0x63, 0x3B, 0x61, 0x63, 0x75, 0x74, 0x65, 0x61, 0x63, 0x75, 0x74, 0x65, 0x3B, 0x61,
    0x63, 0x79, 0x3B, 0x61, 0x65, 0x6C, 0x69, 0x67, 0x61, 0x65, 0x6C, 0x69, 0x67, 0x3B, 0x61, 0x66,
    0x3B, 0x61, 0x66, 0x72, 0x3B, 0x61, 0x67, 0x72, 0x61, 0x76, 0x65, 0x61, 0x67, 0x72, 0x61, 0x76,
    0x65, 0x3B, 0x61, 0x6C, 0x65, 0x66, 0x73, 0x79, 0x6D, 0x3B, 0x61, 0x6C, 0x65, 0x70, 0x68, 0x3B,
    0x61, 0x6C, 0x70, 0x68, 0x61, 0x3B, 0x61, 0x6D, 0x61, 0x63, 0x72, 0x3B, 0x61, 0x6D, 0x61, 0x6C,
    0x67, 0x3B, 0x61, 0x6D, 0x70, 0x61, 0x6D, 0x70, 0x3B, 0x61, 0x6E, 0x64, 0x3B, 0x61, 0x6E, 0x64,
    0x61, 0x6E, 0x64, 0x3B, 0x61, 0x6E, 0x64, 0x64, 0x3B, 0x61, 0x6E, 0x64, 0x73, 0x6C, 0x6F, 0x70,
    0x65, 0x3B, 0x61, 0x6E, 0x64, 0x76, 0x3B, 0x61, 0x6E, 0x67, 0x3B, 0x61, 0x6E, 0x67, 0x65, 0x3B,
    0x61, 0x6E, 0x67, 0x6C, 0x65, 0x3B, 0x61, 0x6E, 0x67, 0x6D, 0x73, 0x64, 0x3B, 0x61, 0x6E, 0x67,
    0x6D, 0x73, 0x64, 0x61, 0x61, 0x3B, 0x61, 0x6E, 0x67, 0x6D, 0x73, 0x64, 0x61, 0x62, 0x3B, 0x61,
    0x6E, 0x67, 0x6D, 0x73, 0x64, 0x61, 0x63, 0x3B, 0x61, 0x6E, 0x67, 0x6D, 0x73, 0x64, 0x61, 0x64,
    0x3B, 0x61, 0x6E, 0x67, 0x6D, 0x73, 0x64, 0x61, 0x65, 0x3B, 0x61, 0x6E, 0x67, 0x6D, 0x73, 0x64,
    0x61, 0x66, 0x3B, 0x61, 0x6E, 0x67, 0x6D, 0x73, 0x64, 0x61, 0x67, 0x3B, 0x61, 0x6E, 0x67, 0x6D,
    0x73, 0x64, 0x61, 0x68, 0x3B, 0x61, 0x6E, 0x67, 0x72, 0x74, 0x3B, 0x61, 0x6E, 0x67, 0x72, 0x74,
    0x76, 0x62, 0x3B, 0x61, 0x6E, 0x67, 0x72, 0x74, 0x76, 0x62, 0x64, 0x3B, 0x61, 0x6E, 0x67, 0x73,
    0x70, 0x68, 0x3B, 0x61, 0x6E, 0x67, 0x73, 0x74, 0x3B, 0x61, 0x6E, 0x67, 0x7A, 0x61, 0x72, 0x72,
    0x3B, 0x61, 0x6F, 0x67, 0x6F, 0x6E, 0x3B, 0x61, 0x6F, 0x70, 0x66, 0x3B, 0x61, 0x70, 0x3B, 0x61,
    0x70, 0x45, 0x3B, 0x61, 0x70, 0x61, 0x63, 0x69, 0x72, 0x3B, 0x61, 0x70, 0x65, 0x3B, 0x61, 0x70,
    0x69, 0x64, 0x3B, 0x61, 0x70, 0x6F, 0x73, 0x3B, 0x61, 0x70, 0x70, 0x72, 0x6F, 0x78, 0x3B, 0x61,
    0x70, 0x70, 0x72, 0x6F, 0x78, 0x65, 0x71, 0x3B, 0x61, 0x72, 0x69, 0x6E, 0x67, 0x61, 0x72, 0x69,
    0x6E, 0x67, 0x3B, 0x61, 0x73, 0x63, 0x72, 0x3B, 0x61, 0x73, 0x74, 0x3B, 0x61, 0x73, 0x79, 0x6D,
    0x70, 0x3B, 0x61, 0x73, 0x79, 0x6D, 0x70, 0x65, 0x71, 0x3B, 0x61, 0x74, 0x69, 0x6C, 0x64, 0x65,
    0x61, 0x74, 0x69, 0x6C, 0x64, 0x65, 0x3B, 0x61, 0x75, 0x6D, 0x6C, 0x61, 0x75, 0x6D, 0x6C, 0x3B,
    0x61, 0x77, 0x63, 0x6F, 0x6E, 0x69, 0x6E, 0x74, 0x3B, 0x61, 0x77, 0x69, 0x6E, 0x74, 0x3B, 0x62,
    0x4E, 0x6F, 0x74, 0x3B, 0x62, 0x61, 0x63, 0x6B, 0x63, 0x6F, 0x6E, 0x67, 0x3B, 0x62, 0x61, 0x63,
    0x6B, 0x65, 0x70, 0x73, 0x69, 0x6C, 0x6F, 0x6E, 0x3B, 0x62, 0x61, 0x63, 0x6B, 0x70, 0x72, 0x69,
    0x6D, 0x65, 0x3B, 0x62, 0x61, 0x63, 0x6B, 0x73, 0x69, 0x6D, 0x3B, 0x62, 0x61, 0x63, 0x6B, 0x73,
    0x69, 0x6D, 0x65, 0x71, 0x3B, 0x62, 0x61, 0x72, 0x76, 0x65, 0x65, 0x3B, 0x62, 0x61, 0x72, 0x77,
    0x65, 0x64, 0x3B, 0x62, 0x61, 0x72, 0x77, 0x65, 0x64, 0x67, 0x65, 0x3B, 0x62, 0x62, 0x72, 0x6B,
    0x3B, 0x62, 0x62, 0x72, 0x6B, 0x74, 0x62, 0x72, 0x6B, 0x3B, 0x62, 0x63, 0x6F, 0x6E, 0x67, 0x3B,
    0x62, 0x63, 0x79, 0x3B, 0x62, 0x64, 0x71, 0x75, 0x6F, 0x3B, 0x62, 0x65, 0x63, 0x61, 0x75, 0x73,
    0x3B, 0x62, 0x65, 0x63, 0x61, 0x75, 0x73, 0x65, 0x3B, 0x62, 0x65, 0x6D, 0x70, 0x74, 0x79, 0x76,
    0x3B, 0x62, 0x65, 0x70, 0x73, 0x69, 0x3B, 0x62, 0x65, 0x72, 0x6E, 0x6F, 0x75, 0x3B, 0x62, 0x65,
    0x74, 0x61, 0x3B, 0x62, 0x65, 0x74, 0x68, 0x3B, 0x62, 0x65, 0x74, 0x77, 0x65, 0x65, 0x6E, 0x3B,
    0x62, 0x66, 0x72, 0x3B, 0x62, 0x69, 0x67, 0x63, 0x61, 0x70, 0x3B, 0x62, 0x69, 0x67, 0x63, 0x69,
    0x72, 0x63, 0x3B, 0x62, 0x69, 0x67, 0x63, 0x75, 0x70, 0x3B, 0x62, 0x69, 0x67, 0x6F, 0x64, 0x6F,
    0x74, 0x3B, 0x62, 0x69, 0x67, 0x6F, 0x70, 0x6C, 0x75, 0x73, 0x3B, 0x62, 0x69, 0x67, 0x6F, 0x74,
    0x69, 0x6D, 0x65, 0x73, 0x3B, 0x62, 0x69, 0x67, 0x73, 0x71, 0x63, 0x75, 0x70, 0x3B, 0x62, 0x69,
    0x67, 0x73, 0x74, 0x61, 0x72, 0x3B, 0x62, 0x69, 0x67, 0x74, 0x72, 0x69, 0x61, 0x6E, 0x67, 0x6C,
    0x65, 0x64, 0x6F, 0x77, 0x6E, 0x3B, 0x62, 0x69, 0x67, 0x74, 0x72, 0x69, 0x61, 0x6E, 0x67, 0x6C,
    0x65, 0x75, 0x70, 0x3B, 0x62, 0x69, 0x67, 0x75, 0x70, 0x6C, 0x75, 0x73, 0x3B, 0x62, 0x69, 0x67,
    0x76, 0x65, 0x65, 0x3B, 0x62, 0x69, 0x67, 0x77, 0x65, 0x64, 0x67, 0x65, 0x3B, 0x62, 0x6B, 0x61,
    0x72, 0x6F, 0x77, 0x3B, 0x62, 0x6C, 0x61, 0x63, 0x6B, 0x6C, 0x6F, 0x7A, 0x65, 0x6E, 0x67, 0x65,
    0x3B, 0x62, 0x6C, 0x61, 0x63, 0x6B, 0x73, 0x71, 0x75, 0x61, 0x72, 0x65, 0x3B, 0x62, 0x6C, 0x61,
    0x63, 0x6B, 0x74, 0x72, 0x69, 0x61, 0x6E, 0x67, 0x6C, 0x65, 0x3B, 0x62, 0x6C, 0x61, 0x63, 0x6B,
    0x74, 0x72, 0x69, 0x61, 0x6E, 0x67, 0x6C, 0x65, 0x64, 0x6F, 0x77, 0x6E, 0x3B, 0x62, 0x6C, 0x61,
    0x63, 0x6B, 0x74, 0x72, 0x69, 0x61, 0x6E, 0x67, 0x6C, 0x65, 0x6C, 0x65, 0x66, 0x74, 0x3B, 0x62,
    0x6C, 0x61, 0x63, 0x6B, 0x74, 0x72, 0x69, 0x61, 0x6E, 0x67, 0x6C, 0x65, 0x72, 0x69, 0x67, 0x68,
    0x74, 0x3B, 0x62, 0x6C, 0x61, 0x6E, 0x6B, 0x3B, 0x62, 0x6C, 0x6B, 0x31, 0x32, 0x3B, 0x62, 0x6C,
    0x6B, 0x31, 0x34, 0x3B, 0x62, 0x6C, 0x6B, 0x33, 0x34, 0x3B, 0x62, 0x6C, 0x6F, 0x63, 0x6B, 0x3B,
    0x62, 0x6E, 0x65, 0x3B, 0x62, 0x6E, 0x65, 0x71, 0x75, 0x69, 0x76, 0x3B, 0x62, 0x6E, 0x6F, 0x74,
    0x3B, 0x62, 0x6F, 0x70, 0x66, 0x3B, 0x62, 0x6F, 0x74, 0x3B, 0x62, 0x6F, 0x74, 0x74, 0x6F, 0x6D,
    0x3B, 0x62, 0x6F, 0x77, 0x74, 0x69, 0x65, 0x3B, 0x62, 0x6F, 0x78, 0x44, 0x4C, 0x3B, 0x62, 0x6F,
    0x78, 0x44, 0x52, 0x3B, 0x62, 0x6F, 0x78, 0x44, 0x6C, 0x3B, 0x62, 0x6F, 0x78, 0x44, 0x72, 0x3B,
    0x62, 0x6F, 0x78, 0x48, 0x3B, 0x62, 0x6F, 0x78, 0x48, 0x44, 0x3B, 0x62, 0x6F, 0x78, 0x48, 0x55,
    0x3B, 0x62, 0x6F, 0x78, 0x48, 0x64, 0x3B, 0x62, 0x6F, 0x78, 0x48, 0x75, 0x3B, 0x62, 0x6F, 0x78,
    0x55, 0x4C, 0x3B, 0x62, 0x6F, 0x78, 0x55, 0x52, 0x3B, 0x62, 0x6F, 0x78, 0x55, 0x6C, 0x3B, 0x62,
    0x6F, 0x78, 0x55, 0x72, 0x3B, 0x62, 0x6F, 0x78, 0x56, 0x3B, 0x62, 0x6F, 0x78, 0x56, 0x48, 0x3B,
    0x62, 0x6F, 0x78, 0x56, 0x4C, 0x3B, 0x62, 0x6F, 0x78, 0x56, 0x52, 0x3B, 0x62, 0x6F, 0x78, 0x56,
    0x68, 0x3B, 0x62, 0x6F, 0x78, 0x56, 0x6C, 0x3B, 0x62, 0x6F, 0x78, 0x56, 0x72, 0x3B, 0x62, 0x6F,
    0x78, 0x62, 0x6F, 0x78, 0x3B, 0x62, 0x6F, 0x78, 0x64, 0x4C, 0x3B, 0x62, 0x6F, 0x78, 0x64, 0x52,
    0x3B, 0x62, 0x6F, 0x78, 0x64, 0x6C, 0x3B, 0x62, 0x6F, 0x78, 0x64, 0x72, 0x3B, 0x62, 0x6F, 0x78,
    0x68, 0x3B, 0x62, 0x6F, 0x78, 0x68, 0x44, 0x3B, 0x62, 0x6F, 0x78, 0x68, 0x55, 0x3B, 0x62, 0x6F,
    0x78, 0x68, 0x64, 0x3B, 0x62, 0x6F, 0x78, 0x68, 0x75, 0x3B, 0x62, 0x6F, 0x78, 0x6D, 0x69, 0x6E,
    0x75, 0x73, 0x3B, 0x62, 0x6F, 0x78, 0x70, 0x6C, 0x75, 0x73, 0x3B, 0x62, 0x6F, 0x78, 0x74, 0x69,
    0x6D, 0x65, 0x73, 0x3B, 0x62, 0x6F, 0x78, 0x75, 0x4C, 0x3B, 0x62, 0x6F, 0x78, 0x75, 0x52, 0x3B,
    0x62, 0x6F, 0x78, 0x75, 0x6C, 0x3B, 0x62, 0x6F, 0x78, 0x75, 0x72, 0x3B, 0x62, 0x6F, 0x78, 0x76,
    0x3B, 0x62, 0x6F, 0x78, 0x76, 0x48, 0x3B, 0x62, 0x6F, 0x78, 0x76, 0x4C, 0x3B, 0x62, 0x6F, 0x78,
    0x76, 0x52, 0x3B, 0x62, 0x6F, 0x78, 0x76, 0x68, 0x3B, 0x62, 0x6F, 0x78, 0x76, 0x6C, 0x3B, 0x62,
    0x6F, 0x78, 0x76, 0x72, 0x3B, 0x62, 0x70, 0x72, 0x69, 0x6D, 0x65, 0x3B, 0x62, 0x72, 0x65, 0x76,
    0x65, 0x3B, 0x62, 0x72, 0x76, 0x62, 0x61, 0x72, 0x62, 0x72, 0x76, 0x62, 0x61, 0x72, 0x3B, 0x62,
    0x73, 0x63, 0x72, 0x3B, 0x62, 0x73, 0x65, 0x6D, 0x69, 0x3B, 0x62, 0x73, 0x69, 0x6D, 0x3B, 0x62,
    0x73, 0x69, 0x6D, 0x65, 0x3B, 0x62, 0x73, 0x6F, 0x6C, 0x3B, 0x62, 0x73, 0x6F, 0x6C, 0x62, 0x3B,
    0x62, 0x73, 0x6F, 0x6C, 0x68, 0x73, 0x75, 0x62, 0x3B, 0x62, 0x75, 0x6C, 0x6C, 0x3B, 0x62, 0x75,
    0x6C, 0x6C, 0x65, 0x74, 0x3B, 0x62, 0x75, 0x6D, 0x70, 0x3B, 0x62, 0x75, 0x6D, 0x70, 0x45, 0x3B,
    0x62, 0x75, 0x6D, 0x70, 0x65, 0x3B, 0x62, 0x75, 0x6D, 0x70, 0x65, 0x71, 0x3B, 0x63, 0x61, 0x63,
    0x75, 0x74, 0x65, 0x3B, 0x63, 0x61, 0x70, 0x3B, 0x63, 0x61, 0x70, 0x61, 0x6E, 0x64, 0x3B, 0x63,
    0x61, 0x70, 0x62, 0x72, 0x63, 0x75, 0x70, 0x3B, 0x63, 0x61, 0x70, 0x63, 0x61, 0x70, 0x3B, 0x63,
    0x61, 0x70, 0x63, 0x75, 0x70, 0x3B, 0x63, 0x61, 0x70, 0x64, 0x6F, 0x74, 0x3B, 0x63, 0x61, 0x70,
    0x73, 0x3B, 0x63, 0x61, 0x72, 0x65, 0x74, 0x3B, 0x63, 0x61, 0x72, 0x6F, 0x6E, 0x3B, 0x63, 0x63,
    0x61, 0x70, 0x73, 0x3B, 0x63, 0x63, 0x61, 0x72, 0x6F, 0x6E, 0x3B, 0x63, 0x63, 0x65, 0x64, 0x69,
    0x6C, 0x63, 0x63, 0x65, 0x64, 0x69, 0x6C, 0x3B, 0x63, 0x63, 0x69, 0x72, 0x63, 0x3B, 0x63, 0x63,
    0x75, 0x70, 0x73, 0x3B, 0x63, 0x63, 0x75, 0x70, 0x73, 0x73, 0x6D, 0x3B, 0x63, 0x64, 0x6F, 0x74,
    0x3B, 0x63, 0x65, 0x64, 0x69, 0x6C, 0x63, 0x65, 0x64, 0x69, 0x6C, 0x3B, 0x63, 0x65, 0x6D, 0x70,
    0x74, 0x79, 0x76, 0x3B, 0x63, 0x65, 0x6E, 0x74, 0x63, 0x65, 0x6E, 0x74, 0x3B, 0x63, 0x65, 0x6E,
    0x74, 0x65, 0x72, 0x64, 0x6F, 0x74, 0x3B, 0x63, 0x66, 0x72, 0x3B, 0x63, 0x68, 0x63, 0x79, 0x3B,
    0x63, 0x68, 0x65, 0x63, 0x6B, 0x3B, 0x63, 0x68, 0x65, 0x63, 0x6B, 0x6D, 0x61, 0x72, 0x6B, 0x3B,
    0x63, 0x68, 0x69, 0x3B, 0x63, 0x69, 0x72, 0x3B, 0x63, 0x69, 0x72, 0x45, 0x3B, 0x63, 0x69, 0x72,
    0x63, 0x3B, 0x63, 0x69, 0x72, 0x63, 0x65, 0x71, 0x3B, 0x63, 0x69, 0x72, 0x63, 0x6C, 0x65, 0x61,
    0x72, 0x72, 0x6F, 0x77, 0x6C, 0x65, 0x66, 0x74, 0x3B, 0x63, 0x69, 0x72, 0x63, 0x6C, 0x65, 0x61,
    0x72, 0x72, 0x6F, 0x77, 0x72, 0x69, 0x67, 0x68, 0x74, 0x3B, 0x63, 0x69, 0x72, 0x63, 0x6C, 0x65,
    0x64, 0x52, 0x3B, 0x63, 0x69, 0x72, 0x63, 0x6C, 0x65, 0x64, 0x53, 0x3B, 0x63, 0x69, 0x72, 0x63,
    0x6C, 0x65, 0x64, 0x61, 0x73, 0x74, 0x3B, 0x63, 0x69, 0x72, 0x63, 0x6C, 0x65, 0x64, 0x63, 0x69,
    0x72, 0x63, 0x3B, 0x63, 0x69, 0x72, 0x63, 0x6C, 0x65, 0x64, 0x64, 0x61, 0x73, 0x68, 0x3B, 0x63,
    0x69, 0x72, 0x65, 0x3B, 0x63, 0x69, 0x72, 0x66, 0x6E, 0x69, 0x6E, 0x74, 0x3B, 0x63, 0x69, 0x72,
    0x6D, 0x69, 0x64, 0x3B, 0x63, 0x69, 0x72, 0x73, 0x63, 0x69, 0x72, 0x3B, 0x63, 0x6C, 0x75, 0x62,
    0x73, 0x3B, 0x63, 0x6C, 0x75, 0x62, 0x73, 0x75, 0x69, 0x74, 0x3B, 0x63, 0x6F, 0x6C, 0x6F, 0x6E,
    0x3B, 0x63, 0x6F, 0x6C, 0x6F, 0x6E, 0x65, 0x3B, 0x63, 0x6F, 0x6C, 0x6F, 0x6E, 0x65, 0x71, 0x3B,
    0x63, 0x6F, 0x6D, 0x6D, 0x61, 0x3B, 0x63, 0x6F, 0x6D, 0x6D, 0x61, 0x74, 0x3B, 0x63, 0x6F, 0x6D,
    0x70, 0x3B, 0x63, 0x6F, 0x6D, 0x70, 0x66, 0x6E, 0x3B, 0x63, 0x6F, 0x6D, 0x70, 0x6C, 0x65, 0x6D,
    0x65, 0x6E, 0x74, 0x3B, 0x63, 0x6F, 0x6D, 0x70, 0x6C, 0x65, 0x78, 0x65, 0x73, 0x3B, 0x63, 0x6F,
    0x6E, 0x67, 0x3B, 0x63, 0x6F, 0x6E, 0x67, 0x64, 0x6F, 0x74, 0x3B, 0x63, 0x6F, 0x6E, 0x69, 0x6E,
    0x74, 0x3B, 0x63, 0x6F, 0x70, 0x66, 0x3B, 0x63, 0x6F, 0x70, 0x72, 0x6F, 0x64, 0x3B, 0x63, 0x6F,
    0x70, 0x79, 0x63, 0x6F, 0x70, 0x79, 0x3B, 0x63, 0x6F, 0x70, 0x79, 0x73, 0x72, 0x3B, 0x63, 0x72,
    0x61, 0x72, 0x72, 0x3B, 0x63, 0x72, 0x6F, 0x73, 0x73, 0x3B, 0x63, 0x73, 0x63, 0x72, 0x3B, 0x63,
    0x73, 0x75, 0x62, 0x3B, 0x63, 0x73, 0x75, 0x62, 0x65, 0x3B, 0x63, 0x73, 0x75, 0x70, 0x3B, 0x63,
    0x73, 0x75, 0x70, 0x65, 0x3B, 0x63, 0x74, 0x64, 0x6F, 0x74, 0x3B, 0x63, 0x75, 0x64, 0x61, 0x72,
    0x72, 0x6C, 0x3B, 0x63, 0x75, 0x64, 0x61, 0x72, 0x72, 0x72, 0x3B, 0x63, 0x75, 0x65, 0x70, 0x72,
    0x3B, 0x63, 0x75, 0x65, 0x73, 0x63, 0x3B, 0x63, 0x75, 0x6C, 0x61, 0x72, 0x72, 0x3B, 0x63, 0x75,
    0x6C, 0x61, 0x72, 0x72, 0x70, 0x3B, 0x63, 0x75, 0x70, 0x3B, 0x63, 0x75, 0x70, 0x62, 0x72, 0x63,
    0x61, 0x70, 0x3B, 0x63, 0x75, 0x70, 0x63, 0x61, 0x70, 0x3B, 0x63, 0x75, 0x70, 0x63, 0x75, 0x70,
    0x3B, 0x63, 0x75, 0x70, 0x64, 0x6F, 0x74, 0x3B, 0x63, 0x75, 0x70, 0x6F, 0x72, 0x3B, 0x63, 0x75,
    0x70, 0x73, 0x3B, 0x63, 0x75, 0x72, 0x61, 0x72, 0x72, 0x3B, 0x63, 0x75, 0x72, 0x61, 0x72, 0x72,
    0x6D, 0x3B, 0x63, 0x75, 0x72, 0x6C, 0x79, 0x65, 0x71, 0x70, 0x72, 0x65, 0x63, 0x3B, 0x63, 0x75,
    0x72, 0x6C, 0x79, 0x65, 0x71, 0x73, 0x75, 0x63, 0x63, 0x3B, 0x63, 0x75, 0x72, 0x6C, 0x79, 0x76,
    0x65, 0x65, 0x3B, 0x63, 0x75, 0x72, 0x6C, 0x79, 0x77, 0x65, 0x64, 0x67, 0x65, 0x3B, 0x63, 0x75,
    0x72, 0x72, 0x65, 0x6E, 0x63, 0x75, 0x72, 0x72, 0x65, 0x6E, 0x3B, 0x63, 0x75, 0x72, 0x76, 0x65,
    0x61, 0x72, 0x72, 0x6F, 0x77, 0x6C, 0x65, 0x66, 0x74, 0x3B, 0x63, 0x75, 0x72, 0x76, 0x65, 0x61,
    0x72, 0x72, 0x6F, 0x77, 0x72, 0x69, 0x67, 0x68, 0x74, 0x3B, 0x63, 0x75, 0x76, 0x65, 0x65, 0x3B,
    0x63, 0x75, 0x77, 0x65, 0x64, 0x3B, 0x63, 0x77, 0x63, 0x6F, 0x6E, 0x69, 0x6E, 0x74, 0x3B, 0x63,
    0x77, 0x69, 0x6E, 0x74, 0x3B, 0x63, 0x79, 0x6C, 0x63, 0x74, 0x79, 0x3B, 0x64, 0x41, 0x72, 0x72,
    0x3B, 0x64, 0x48, 0x61, 0x72, 0x3B, 0x64, 0x61, 0x67, 0x67, 0x65, 0x72, 0x3B, 0x64, 0x61, 0x6C,
    0x65, 0x74, 0x68, 0x3B, 0x64, 0x61, 0x72, 0x72, 0x3B, 0x64, 0x61, 0x73, 0x68, 0x3B, 0x64, 0x61,
    0x73, 0x68, 0x76, 0x3B, 0x64, 0x62, 0x6B, 0x61, 0x72, 0x6F, 0x77, 0x3B, 0x64, 0x62, 0x6C, 0x61,
    0x63, 0x3B, 0x64, 0x63, 0x61, 0x72, 0x6F, 0x6E, 0x3B, 0x64, 0x63, 0x79, 0x3B, 0x64, 0x64, 0x3B,
    0x64, 0x64, 0x61, 0x67, 0x67, 0x65, 0x72, 0x3B, 0x64, 0x64, 0x61, 0x72, 0x72, 0x3B, 0x64, 0x64,
    0x6F, 0x74, 0x73, 0x65, 0x71, 0x3B, 0x64, 0x65, 0x67, 0x64, 0x65, 0x67, 0x3B, 0x64, 0x65, 0x6C,
    0x74, 0x61, 0x3B, 0x64, 0x65, 0x6D, 0x70, 0x74, 0x79, 0x76, 0x3B, 0x64, 0x66, 0x69, 0x73, 0x68,
    0x74, 0x3B, 0x64, 0x66, 0x72, 0x3B, 0x64, 0x68, 0x61, 0x72, 0x6C, 0x3B, 0x64, 0x68, 0x61, 0x72,
    0x72, 0x3B, 0x64, 0x69, 0x61, 0x6D, 0x3B, 0x64, 0x69, 0x61, 0x6D, 0x6F, 0x6E, 0x64, 0x3B, 0x64,
    0x69, 0x61, 0x6D, 0x6F, 0x6E, 0x64, 0x73, 0x75, 0x69, 0x74, 0x3B, 0x64, 0x69, 0x61, 0x6D, 0x73,
    0x3B, 0x64, 0x69, 0x65, 0x3B, 0x64, 0x69, 0x67, 0x61, 0x6D, 0x6D, 0x61, 0x3B, 0x64, 0x69, 0x73,
    0x69, 0x6E, 0x3B, 0x64, 0x69, 0x76, 0x3B, 0x64, 0x69, 0x76, 0x69, 0x64, 0x65, 0x64, 0x69, 0x76,
    0x69, 0x64, 0x65, 0x3B, 0x64, 0x69, 0x76, 0x69, 0x64, 0x65, 0x6F, 0x6E, 0x74, 0x69, 0x6D, 0x65,
    0x73, 0x3B, 0x64, 0x69, 0x76, 0x6F, 0x6E, 0x78, 0x3B, 0x64, 0x6A, 0x63, 0x79, 0x3B, 0x64, 0x6C,
    0x63, 0x6F, 0x72, 0x6E, 0x3B, 0x64, 0x6C, 0x63, 0x72, 0x6F, 0x70, 0x3B, 0x64, 0x6F, 0x6C, 0x6C,
    0x61, 0x72, 0x3B, 0x64, 0x6F, 0x70, 0x66, 0x3B, 0x64, 0x6F, 0x74, 0x3B, 0x64, 0x6F, 0x74, 0x65,
    0x71, 0x3B, 0x64, 0x6F, 0x74, 0x65, 0x71, 0x64, 0x6F, 0x74, 0x3B, 0x64, 0x6F, 0x74, 0x6D, 0x69,
    0x6E, 0x75, 0x73, 0x3B, 0x64, 0x6F, 0x74, 0x70, 0x6C, 0x75, 0x73, 0x3B, 0x64, 0x6F, 0x74, 0x73,
    0x71, 0x75, 0x61, 0x72, 0x65, 0x3B, 0x64, 0x6F, 0x75, 0x62, 0x6C, 0x65, 0x62, 0x61, 0x72, 0x77,
    0x65, 0x64, 0x67, 0x65, 0x3B, 0x64, 0x6F, 0x77, 0x6E, 0x61, 0x72, 0x72, 0x6F, 0x77, 0x3B, 0x64,
    0x6F, 0x77, 0x6E, 0x64, 0x6F, 0x77, 0x6E, 0x61, 0x72, 0x72, 0x6F, 0x77, 0x73, 0x3B, 0x64, 0x6F,
    0x77, 0x6E, 0x68, 0x61, 0x72, 0x70, 0x6F, 0x6F, 0x6E, 0x6C, 0x65, 0x66, 0x74, 0x3B, 0x64, 0x6F,
    0x77, 0x6E, 0x68, 0x61, 0x72, 0x70, 0x6F, 0x6F, 0x6E, 0x72, 0x69, 0x67, 0x68, 0x74, 0x3B, 0x64,
    0x72, 0x62, 0x6B, 0x61, 0x72, 0x6F, 0x77, 0x3B, 0x64, 0x72, 0x63, 0x6F, 0x72, 0x6E, 0x3B, 0x64,
    0x72, 0x63, 0x72, 0x6F, 0x70, 0x3B, 0x64, 0x73, 0x63, 0x72, 0x3B, 0x64, 0x73, 0x63, 0x79, 0x3B,
    0x64, 0x73, 0x6F, 0x6C, 0x3B, 0x64, 0x73, 0x74, 0x72, 0x6F, 0x6B, 0x3B, 0x64, 0x74, 0x64, 0x6F,
    0x74, 0x3B, 0x64, 0x74, 0x72, 0x69, 0x3B, 0x64, 0x74, 0x72, 0x69, 0x66, 0x3B, 0x64, 0x75, 0x61,
    0x72, 0x72, 0x3B, 0x64, 0x75, 0x68, 0x61, 0x72, 0x3B, 0x64, 0x77, 0x61, 0x6E, 0x67, 0x6C, 0x65,
    0x3B, 0x64, 0x7A, 0x63, 0x79, 0x3B, 0x64, 0x7A, 0x69, 0x67, 0x72, 0x61, 0x72, 0x72, 0x3B, 0x65,
    0x44, 0x44, 0x6F, 0x74, 0x3B, 0x65, 0x44, 0x6F, 0x74, 0x3B, 0x65, 0x61, 0x63, 0x75, 0x74, 0x65,
    0x65, 0x61, 0x63, 0x75, 0x74, 0x65, 0x3B, 0x65, 0x61, 0x73, 0x74, 0x65, 0x72, 0x3B, 0x65, 0x63,
    0x61, 0x72, 0x6F, 0x6E, 0x3B, 0x65, 0x63, 0x69, 0x72, 0x3B, 0x65, 0x63, 0x69, 0x72, 0x63, 0x65,
    0x63, 0x69, 0x72, 0x63, 0x3B, 0x65, 0x63, 0x6F, 0x6C, 0x6F, 0x6E, 0x3B, 0x65, 0x63, 0x79, 0x3B,
    0x65, 0x64, 0x6F, 0x74, 0x3B, 0x65, 0x65, 0x3B, 0x65, 0x66, 0x44, 0x6F, 0x74, 0x3B, 0x65, 0x66,
    0x72, 0x3B, 0x65, 0x67, 0x3B, 0x65, 0x67, 0x72, 0x61, 0x76, 0x65, 0x65, 0x67, 0x72, 0x61, 0x76,
    0x65, 0x3B, 0x65, 0x67, 0x73, 0x3B, 0x65, 0x67, 0x73, 0x64, 0x6F, 0x74, 0x3B, 0x65, 0x6C, 0x3B,
    0x65, 0x6C, 0x69, 0x6E, 0x74, 0x65, 0x72, 0x73, 0x3B, 0x65, 0x6C, 0x6C, 0x3B, 0x65, 0x6C, 0x73,
    0x3B, 0x65, 0x6C, 0x73, 0x64, 0x6F, 0x74, 0x3B, 0x65, 0x6D, 0x61, 0x63, 0x72, 0x3B, 0x65, 0x6D,
    0x70, 0x74, 0x79, 0x3B, 0x65, 0x6D, 0x70, 0x74, 0x79, 0x73, 0x65, 0x74, 0x3B, 0x65, 0x6D, 0x70,
    0x74, 0x79, 0x76, 0x3B, 0x65, 0x6D, 0x73, 0x70, 0x31, 0x33, 0x3B, 0x65, 0x6D, 0x73, 0x70, 0x31,
    0x34, 0x3B, 0x65, 0x6D, 0x73, 0x70, 0x3B, 0x65, 0x6E, 0x67, 0x3B, 0x65, 0x6E, 0x73, 0x70, 0x3B,
    0x65, 0x6F, 0x67, 0x6F, 0x6E, 0x3B, 0x65, 0x6F, 0x70, 0x66, 0x3B, 0x65, 0x70, 0x61, 0x72, 0x3B,
    0x65, 0x70, 0x61, 0x72, 0x73, 0x6C, 0x3B, 0x65, 0x70, 0x6C, 0x75, 0x73, 0x3B, 0x65, 0x70, 0x73,
    0x69, 0x3B, 0x65, 0x70, 0x73, 0x69, 0x6C, 0x6F, 0x6E, 0x3B, 0x65, 0x70, 0x73, 0x69, 0x76, 0x3B,
    0x65, 0x71, 0x63, 0x69, 0x72, 0x63, 0x3B, 0x65, 0x71, 0x63, 0x6F, 0x6C, 0x6F, 0x6E, 0x3B, 0x65,
    0x71, 0x73, 0x69, 0x6D, 0x3B, 0x65, 0x71, 0x73, 0x6C, 0x61, 0x6E, 0x74, 0x67, 0x74, 0x72, 0x3B,
    0x65, 0x71, 0x73, 0x6C, 0x61, 0x6E, 0x74, 0x6C, 0x65, 0x73, 0x73, 0x3B, 0x65, 0x71, 0x75, 0x61,
    0x6C, 0x73, 0x3B, 0x65, 0x71, 0x75, 0x65, 0x73, 0x74, 0x3B, 0x65, 0x71, 0x75, 0x69, 0x76, 0x3B,
    0x65, 0x71, 0x75, 0x69, 0x76, 0x44, 0x44, 0x3B, 0x65, 0x71, 0x76, 0x70, 0x61, 0x72, 0x73, 0x6C,
    0x3B, 0x65, 0x72, 0x44, 0x6F, 0x74, 0x3B, 0x65, 0x72, 0x61, 0x72, 0x72, 0x3B, 0x65, 0x73, 0x63,
    0x72, 0x3B, 0x65, 0x73, 0x64, 0x6F, 0x74, 0x3B, 0x65, 0x73, 0x69, 0x6D, 0x3B, 0x65, 0x74, 0x61,
    0x3B, 0x65, 0x74, 0x68, 0x65, 0x74, 0x68, 0x3B, 0x65, 0x75, 0x6D, 0x6C, 0x65, 0x75, 0x6D, 0x6C,
    0x3B, 0x65, 0x75, 0x72, 0x6F, 0x3B, 0x65, 0x78, 0x63, 0x6C, 0x3B, 0x65, 0x78, 0x69, 0x73, 0x74,
    0x3B, 0x65, 0x78, 0x70, 0x65, 0x63, 0x74, 0x61, 0x74, 0x69, 0x6F, 0x6E, 0x3B, 0x65, 0x78, 0x70,
    0x6F, 0x6E, 0x65, 0x6E, 0x74, 0x69, 0x61, 0x6C, 0x65, 0x3B, 0x66, 0x61, 0x6C, 0x6C, 0x69, 0x6E,
    0x67, 0x64, 0x6F, 0x74, 0x73, 0x65, 0x71, 0x3B, 0x66, 0x63, 0x79, 0x3B, 0x66, 0x65, 0x6D, 0x61,
    0x6C, 0x65, 0x3B, 0x66, 0x66, 0x69, 0x6C, 0x69, 0x67, 0x3B, 0x66, 0x66, 0x6C, 0x69, 0x67, 0x3B,
    0x66, 0x66, 0x6C, 0x6C, 0x69, 0x67, 0x3B, 0x66, 0x66, 0x72, 0x3B, 0x66, 0x69, 0x6C, 0x69, 0x67,
    0x3B, 0x66, 0x6A, 0x6C, 0x69, 0x67, 0x3B, 0x66, 0x6C, 0x61, 0x74, 0x3B, 0x66, 0x6C, 0x6C, 0x69,
    0x67, 0x3B, 0x66, 0x6C, 0x74, 0x6E, 0x73, 0x3B, 0x66, 0x6E, 0x6F, 0x66, 0x3B, 0x66, 0x6F, 0x70,
    0x66, 0x3B, 0x66, 0x6F, 0x72, 0x61, 0x6C, 0x6C, 0x3B, 0x66, 0x6F, 0x72, 0x6B, 0x3B, 0x66, 0x6F,
    0x72, 0x6B, 0x76, 0x3B, 0x66, 0x70, 0x61, 0x72, 0x74, 0x69, 0x6E, 0x74, 0x3B, 0x66, 0x72, 0x61,
    0x63, 0x31, 0x32, 0x66, 0x72, 0x61, 0x63, 0x31, 0x32, 0x3B, 0x66, 0x72, 0x61, 0x63, 0x31, 0x33,
    0x3B, 0x66, 0x72, 0x61, 0x63, 0x31, 0x34, 0x66, 0x72, 0x61, 0x63, 0x31, 0x34, 0x3B, 0x66, 0x72,
    0x61, 0x63, 0x31, 0x35, 0x3B, 0x66, 0x72, 0x61, 0x63, 0x31, 0x36, 0x3B, 0x66, 0x72, 0x61, 0x63,
    0x31, 0x38, 0x3B, 0x66, 0x72, 0x61, 0x63, 0x32, 0x33, 0x3B, 0x66, 0x72, 0x61, 0x63, 0x32, 0x35,
    0x3B, 0x66, 0x72, 0x61, 0x63, 0x33, 0x34, 0x66, 0x72, 0x61, 0x63, 0x33, 0x34, 0x3B, 0x66, 0x72,
    0x61, 0x63, 0x33, 0x35, 0x3B, 0x66, 0x72, 0x61, 0x63, 0x33, 0x38, 0x3B, 0x66, 0x72, 0x61, 0x63,
    0x34, 0x35, 0x3B, 0x66, 0x72, 0x61, 0x63, 0x35, 0x36, 0x3B, 0x66, 0x72, 0x61, 0x63, 0x35, 0x38,
    0x3B, 0x66, 0x72, 0x61, 0x63, 0x37, 0x38, 0x3B, 0x66, 0x72, 0x61, 0x73, 0x6C, 0x3B, 0x66, 0x72,
    0x6F, 0x77, 0x6E, 0x3B, 0x66, 0x73, 0x63, 0x72, 0x3B, 0x67, 0x45, 0x3B, 0x67, 0x45, 0x6C, 0x3B,
    0x67, 0x61, 0x63, 0x75, 0x74, 0x65, 0x3B, 0x67, 0x61, 0x6D, 0x6D, 0x61, 0x3B, 0x67, 0x61, 0x6D,
    0x6D, 0x61, 0x64, 0x3B, 0x67, 0x61, 0x70, 0x3B, 0x67, 0x62, 0x72, 0x65, 0x76, 0x65, 0x3B, 0x67,
    0x63, 0x69, 0x72, 0x63, 0x3B, 0x67, 0x63, 0x79, 0x3B, 0x67, 0x64, 0x6F, 0x74, 0x3B, 0x67, 0x65,
    0x3B, 0x67, 0x65, 0x6C, 0x3B, 0x67, 0x65, 0x71, 0x3B, 0x67, 0x65, 0x71, 0x71, 0x3B, 0x67, 0x65,
    0x71, 0x73, 0x6C, 0x61, 0x6E, 0x74, 0x3B, 0x67, 0x65, 0x73, 0x3B, 0x67, 0x65, 0x73, 0x63, 0x63,
    0x3B, 0x67, 0x65, 0x73, 0x64, 0x6F, 0x74, 0x3B, 0x67, 0x65, 0x73, 0x64, 0x6F, 0x74, 0x6F, 0x3B,
    0x67, 0x65, 0x73, 0x64, 0x6F, 0x74, 0x6F, 0x6C, 0x3B, 0x67, 0x65, 0x73, 0x6C, 0x3B, 0x67, 0x65,
    0x73, 0x6C, 0x65, 0x73, 0x3B, 0x67, 0x66, 0x72, 0x3B, 0x67, 0x67, 0x3B, 0x67, 0x67, 0x67, 0x3B,
    0x67, 0x69, 0x6D, 0x65, 0x6C, 0x3B, 0x67, 0x6A, 0x63, 0x79, 0x3B, 0x67, 0x6C, 0x3B, 0x67, 0x6C,
    0x45, 0x3B, 0x67, 0x6C, 0x61, 0x3B, 0x67, 0x6C, 0x6A, 0x3B, 0x67, 0x6E, 0x45, 0x3B, 0x67, 0x6E,
    0x61, 0x70, 0x3B, 0x67, 0x6E, 0x61, 0x70, 0x70, 0x72, 0x6F, 0x78, 0x3B, 0x67, 0x6E, 0x65, 0x3B,
    0x67, 0x6E, 0x65, 0x71, 0x3B, 0x67, 0x6E, 0x65, 0x71, 0x71, 0x3B, 0x67, 0x6E, 0x73, 0x69, 0x6D,
    0x3B, 0x67, 0x6F, 0x70, 0x66, 0x3B, 0x67, 0x72, 0x61, 0x76, 0x65, 0x3B, 0x67, 0x73, 0x63, 0x72,
    0x3B, 0x67, 0x73, 0x69, 0x6D, 0x3B, 0x67, 0x73, 0x69, 0x6D, 0x65, 0x3B, 0x67, 0x73, 0x69, 0x6D,
    0x6C, 0x3B, 0x67, 0x74, 0x67, 0x74, 0x3B, 0x67, 0x74, 0x63, 0x63, 0x3B, 0x67, 0x74, 0x63, 0x69,
    0x72, 0x3B, 0x67, 0x74, 0x64, 0x6F, 0x74, 0x3B, 0x67, 0x74, 0x6C, 0x50, 0x61, 0x72, 0x3B, 0x67,
    0x74, 0x71, 0x75, 0x65, 0x73, 0x74, 0x3B, 0x67, 0x74, 0x72, 0x61, 0x70, 0x70, 0x72, 0x6F, 0x78,
    0x3B, 0x67, 0x74, 0x72, 0x61, 0x72, 0x72, 0x3B, 0x67, 0x74, 0x72, 0x64, 0x6F, 0x74, 0x3B, 0x67,
    0x74, 0x72, 0x65, 0x71, 0x6C, 0x65, 0x73, 0x73, 0x3B, 0x67, 0x74, 0x72, 0x65, 0x71, 0x71, 0x6C,
    0x65, 0x73, 0x73, 0x3B, 0x67, 0x74, 0x72, 0x6C, 0x65, 0x73, 0x73, 0x3B, 0x67, 0x74, 0x72, 0x73,
    0x69, 0x6D, 0x3B, 0x67, 0x76, 0x65, 0x72, 0x74, 0x6E, 0x65, 0x71, 0x71, 0x3B, 0x67, 0x76, 0x6E,
    0x45, 0x3B, 0x68, 0x41, 0x72, 0x72, 0x3B, 0x68, 0x61, 0x69, 0x72, 0x73, 0x70, 0x3B, 0x68, 0x61,
    0x6C, 0x66, 0x3B, 0x68, 0x61, 0x6D, 0x69, 0x6C, 0x74, 0x3B, 0x68, 0x61, 0x72, 0x64, 0x63, 0x79,
    0x3B, 0x68, 0x61, 0x72, 0x72, 0x3B, 0x68, 0x61, 0x72, 0x72, 0x63, 0x69, 0x72, 0x3B, 0x68, 0x61,
    0x72, 0x72, 0x77, 0x3B, 0x68, 0x62, 0x61, 0x72, 0x3B, 0x68, 0x63, 0x69, 0x72, 0x63, 0x3B, 0x68,
    0x65, 0x61, 0x72, 0x74, 0x73, 0x3B, 0x68, 0x65, 0x61, 0x72, 0x74, 0x73, 0x75, 0x69, 0x74, 0x3B,
    0x68, 0x65, 0x6C, 0x6C, 0x69, 0x70, 0x3B, 0x68, 0x65, 0x72, 0x63, 0x6F, 0x6E, 0x3B, 0x68, 0x66,
    0x72, 0x3B, 0x68, 0x6B, 0x73, 0x65, 0x61, 0x72, 0x6F, 0x77, 0x3B, 0x68, 0x6B, 0x73, 0x77, 0x61,
    0x72, 0x6F, 0x77, 0x3B, 0x68, 0x6F, 0x61, 0x72, 0x72, 0x3B, 0x68, 0x6F, 0x6D, 0x74, 0x68, 0x74,
    0x3B, 0x68, 0x6F, 0x6F, 0x6B, 0x6C, 0x65, 0x66, 0x74, 0x61, 0x72, 0x72, 0x6F, 0x77, 0x3B, 0x68,
    0x6F, 0x6F, 0x6B, 0x72, 0x69, 0x67, 0x68, 0x74, 0x61, 0x72, 0x72, 0x6F, 0x77, 0x3B, 0x68, 0x6F,
    0x70, 0x66, 0x3B, 0x68, 0x6F, 0x72, 0x62, 0x61, 0x72, 0x3B, 0x68, 0x73, 0x63, 0x72, 0x3B, 0x68,
    0x73, 0x6C, 0x61, 0x73, 0x68, 0x3B, 0x68, 0x73, 0x74, 0x72, 0x6F, 0x6B, 0x3B, 0x68, 0x79, 0x62,
    0x75, 0x6C, 0x6C, 0x3B, 0x68, 0x79, 0x70, 0x68, 0x65, 0x6E, 0x3B, 0x69, 0x61, 0x63, 0x75, 0x74,
    0x65, 0x69, 0x61, 0x63, 0x75, 0x74, 0x65, 0x3B, 0x69, 0x63, 0x3B, 0x69, 0x63, 0x69, 0x72, 0x63,
    0x69, 0x63, 0x69, 0x72, 0x63, 0x3B, 0x69, 0x63, 0x79, 0x3B, 0x69, 0x65, 0x63, 0x79, 0x3B, 0x69,
    0x65, 0x78, 0x63, 0x6C, 0x69, 0x65, 0x78, 0x63, 0x6C, 0x3B, 0x69, 0x66, 0x66, 0x3B, 0x69, 0x66,
    0x72, 0x3B, 0x69, 0x67, 0x72, 0x61, 0x76, 0x65, 0x69, 0x67, 0x72, 0x61, 0x76, 0x65, 0x3B, 0x69,
    0x69, 0x3B, 0x69, 0x69, 0x69, 0x69, 0x6E, 0x74, 0x3B, 0x69, 0x69, 0x69, 0x6E, 0x74, 0x3B, 0x69,
    0x69, 0x6E, 0x66, 0x69, 0x6E, 0x3B, 0x69, 0x69, 0x6F, 0x74, 0x61, 0x3B, 0x69, 0x6A, 0x6C, 0x69,
    0x67, 0x3B, 0x69, 0x6D, 0x61, 0x63, 0x72, 0x3B, 0x69, 0x6D, 0x61, 0x67, 0x65, 0x3B, 0x69, 0x6D,
    0x61, 0x67, 0x6C, 0x69, 0x6E, 0x65, 0x3B, 0x69, 0x6D, 0x61, 0x67, 0x70, 0x61, 0x72, 0x74, 0x3B,
    0x69, 0x6D, 0x61, 0x74, 0x68, 0x3B, 0x69, 0x6D, 0x6F, 0x66, 0x3B, 0x69, 0x6D, 0x70, 0x65, 0x64,
    0x3B, 0x69, 0x6E, 0x3B, 0x69, 0x6E, 0x63, 0x61, 0x72, 0x65, 0x3B, 0x69, 0x6E, 0x66, 0x69, 0x6E,
    0x3B, 0x69, 0x6E, 0x66, 0x69, 0x6E, 0x74, 0x69, 0x65, 0x3B, 0x69, 0x6E, 0x6F, 0x64, 0x6F, 0x74,
    0x3B, 0x69, 0x6E, 0x74, 0x3B, 0x69, 0x6E, 0x74, 0x63, 0x61, 0x6C, 0x3B, 0x69, 0x6E, 0x74, 0x65,
    0x67, 0x65, 0x72, 0x73, 0x3B, 0x69, 0x6E, 0x74, 0x65, 0x72, 0x63, 0x61, 0x6C, 0x3B, 0x69, 0x6E,
    0x74, 0x6C, 0x61, 0x72, 0x68, 0x6B, 0x3B, 0x69, 0x6E, 0x74, 0x70, 0x72, 0x6F, 0x64, 0x3B, 0x69,
    0x6F, 0x63, 0x79, 0x3B, 0x69, 0x6F, 0x67, 0x6F, 0x6E, 0x3B, 0x69, 0x6F, 0x70, 0x66, 0x3B, 0x69,
    0x6F, 0x74, 0x61, 0x3B, 0x69, 0x70, 0x72, 0x6F, 0x64, 0x3B, 0x69, 0x71, 0x75, 0x65, 0x73, 0x74,
    0x69, 0x71, 0x75, 0x65, 0x73, 0x74, 0x3B, 0x69, 0x73, 0x63, 0x72, 0x3B, 0x69, 0x73, 0x69, 0x6E,
    0x3B, 0x69, 0x73, 0x69, 0x6E, 0x45, 0x3B, 0x69, 0x73, 0x69, 0x6E, 0x64, 0x6F, 0x74, 0x3B, 0x69,
    0x73, 0x69, 0x6E, 0x73, 0x3B, 0x69, 0x73, 0x69, 0x6E, 0x73, 0x76, 0x3B, 0x69, 0x73, 0x69, 0x6E,
    0x76, 0x3B, 0x69, 0x74, 0x3B, 0x69, 0x74, 0x69, 0x6C, 0x64, 0x65, 0x3B, 0x69, 0x75, 0x6B, 0x63,
    0x79, 0x3B, 0x69, 0x75, 0x6D, 0x6C, 0x69, 0x75, 0x6D, 0x6C, 0x3B, 0x6A, 0x63, 0x69, 0x72, 0x63,
    0x3B, 0x6A, 0x63, 0x79, 0x3B, 0x6A, 0x66, 0x72, 0x3B, 0x6A, 0x6D, 0x61, 0x74, 0x68, 0x3B, 0x6A,
    0x6F, 0x70, 0x66, 0x3B, 0x6A, 0x73, 0x63, 0x72, 0x3B, 0x6A, 0x73, 0x65, 0x72, 0x63, 0x79, 0x3B,
    0x6A, 0x75, 0x6B, 0x63, 0x79, 0x3B, 0x6B, 0x61, 0x70, 0x70, 0x61, 0x3B, 0x6B, 0x61, 0x70, 0x70,
    0x61, 0x76, 0x3B, 0x6B, 0x63, 0x65, 0x64, 0x69, 0x6C, 0x3B, 0x6B, 0x63, 0x79, 0x3B, 0x6B, 0x66,
    0x72, 0x3B, 0x6B, 0x67, 0x72, 0x65, 0x65, 0x6E, 0x3B, 0x6B, 0x68, 0x63, 0x79, 0x3B, 0x6B, 0x6A,
    0x63, 0x79, 0x3B, 0x6B, 0x6F, 0x70, 0x66, 0x3B, 0x6B, 0x73, 0x63, 0x72, 0x3B, 0x6C, 0x41, 0x61,
    0x72, 0x72, 0x3B, 0x6C, 0x41, 0x72, 0x72, 0x3B, 0x6C, 0x41, 0x74, 0x61, 0x69, 0x6C, 0x3B, 0x6C,
    0x42, 0x61, 0x72, 0x72, 0x3B, 0x6C, 0x45, 0x3B, 0x6C, 0x45, 0x67, 0x3B, 0x6C, 0x48, 0x61, 0x72,
    0x3B, 0x6C, 0x61, 0x63, 0x75, 0x74, 0x65, 0x3B, 0x6C, 0x61, 0x65, 0x6D, 0x70, 0x74, 0x79, 0x76,
    0x3B, 0x6C, 0x61, 0x67, 0x72, 0x61, 0x6E, 0x3B, 0x6C, 0x61, 0x6D, 0x62, 0x64, 0x61, 0x3B, 0x6C,
    0x61, 0x6E, 0x67, 0x3B, 0x6C, 0x61, 0x6E, 0x67, 0x64, 0x3B, 0x6C, 0x61, 0x6E, 0x67, 0x6C, 0x65,
    0x3B, 0x6C, 0x61, 0x70, 0x3B, 0x6C, 0x61, 0x71, 0x75, 0x6F, 0x6C, 0x61, 0x71, 0x75, 0x6F, 0x3B,
    0x6C, 0x61, 0x72, 0x72, 0x3B, 0x6C, 0x61, 0x72, 0x72, 0x62, 0x3B, 0x6C, 0x61, 0x72, 0x72, 0x62,
    0x66, 0x73, 0x3B, 0x6C, 0x61, 0x72, 0x72, 0x66, 0x73, 0x3B, 0x6C, 0x61, 0x72, 0x72, 0x68, 0x6B,
    0x3B, 0x6C, 0x61, 0x72, 0x72, 0x6C, 0x70, 0x3B, 0x6C, 0x61, 0x72, 0x72, 0x70, 0x6C, 0x3B, 0x6C,
    0x61, 0x72, 0x72, 0x73, 0x69, 0x6D, 0x3B, 0x6C, 0x61, 0x72, 0x72, 0x74, 0x6C, 0x3B, 0x6C, 0x61,
    0x74, 0x3B, 0x6C, 0x61, 0x74, 0x61, 0x69, 0x6C, 0x3B, 0x6C, 0x61, 0x74, 0x65, 0x3B, 0x6C, 0x61,
    0x74, 0x65, 0x73, 0x3B, 0x6C, 0x62, 0x61, 0x72, 0x72, 0x3B, 0x6C, 0x62, 0x62, 0x72, 0x6B, 0x3B,
    0x6C, 0x62, 0x72, 0x61, 0x63, 0x65, 0x3B, 0x6C, 0x62, 0x72, 0x61, 0x63, 0x6B, 0x3B, 0x6C, 0x62,
    0x72, 0x6B, 0x65, 0x3B, 0x6C, 0x62, 0x72, 0x6B, 0x73, 0x6C, 0x64, 0x3B, 0x6C, 0x62, 0x72, 0x6B,
    0x73, 0x6C, 0x75, 0x3B, 0x6C, 0x63, 0x61, 0x72, 0x6F, 0x6E, 0x3B, 0x6C, 0x63, 0x65, 0x64, 0x69,
    0x6C, 0x3B, 0x6C, 0x63, 0x65, 0x69, 0x6C, 0x3B, 0x6C, 0x63, 0x75, 0x62, 0x3B, 0x6C, 0x63, 0x79,
    0x3B, 0x6C, 0x64, 0x63, 0x61, 0x3B, 0x6C, 0x64, 0x71, 0x75, 0x6F, 0x3B, 0x6C, 0x64, 0x71, 0x75,
    0x6F, 0x72, 0x3B, 0x6C, 0x64, 0x72, 0x64, 0x68, 0x61, 0x72, 0x3B, 0x6C, 0x64, 0x72, 0x75, 0x73,
    0x68, 0x61, 0x72, 0x3B, 0x6C, 0x64, 0x73, 0x68, 0x3B, 0x6C, 0x65, 0x3B, 0x6C, 0x65, 0x66, 0x74,
    0x61, 0x72, 0x72, 0x6F, 0x77, 0x3B, 0x6C, 0x65, 0x66, 0x74, 0x61, 0x72, 0x72, 0x6F, 0x77, 0x74,
    0x61, 0x69, 0x6C, 0x3B, 0x6C, 0x65, 0x66, 0x74, 0x68, 0x61, 0x72, 0x70, 0x6F, 0x6F, 0x6E, 0x64,
    0x6F, 0x77, 0x6E, 0x3B, 0x6C, 0x65, 0x66, 0x74, 0x68, 0x61, 0x72, 0x70, 0x6F, 0x6F, 0x6E, 0x75,
    0x70, 0x3B, 0x6C, 0x65, 0x66, 0x74, 0x6C, 0x65, 0x66, 0x74, 0x61, 0x72, 0x72, 0x6F, 0x77, 0x73,
    0x3B, 0x6C, 0x65, 0x66, 0x74, 0x72, 0x69, 0x67, 0x68, 0x74, 0x61, 0x72, 0x72, 0x6F, 0x77, 0x3B,
    0x6C, 0x65, 0x66, 0x74, 0x72, 0x69, 0x67, 0x68, 0x74, 0x61, 0x72, 0x72, 0x6F, 0x77, 0x73, 0x3B,
    0x6C, 0x65, 0x66, 0x74, 0x72, 0x69, 0x67, 0x68, 0x74, 0x68, 0x61, 0x72, 0x70, 0x6F, 0x6F, 0x6E,
    0x73, 0x3B, 0x6C, 0x65, 0x66, 0x74, 0x72, 0x69, 0x67, 0x68, 0x74, 0x73, 0x71, 0x75, 0x69, 0x67,
    0x61, 0x72, 0x72, 0x6F, 0x77, 0x3B, 0x6C, 0x65, 0x66, 0x74, 0x74, 0x68, 0x72, 0x65, 0x65, 0x74,
    0x69, 0x6D, 0x65, 0x73, 0x3B, 0x6C, 0x65, 0x67, 0x3B, 0x6C, 0x65, 0x71, 0x3B, 0x6C, 0x65, 0x71,
    0x71, 0x3B, 0x6C, 0x65, 0x71, 0x73, 0x6C, 0x61, 0x6E, 0x74, 0x3B, 0x6C, 0x65, 0x73, 0x3B, 0x6C,
    0x65, 0x73, 0x63, 0x63, 0x3B, 0x6C, 0x65, 0x73, 0x64, 0x6F, 0x74, 0x3B, 0x6C, 0x65, 0x73, 0x64,
    0x6F, 0x74, 0x6F, 0x3B, 0x6C, 0x65, 0x73, 0x64, 0x6F, 0x74, 0x6F, 0x72, 0x3B, 0x6C, 0x65, 0x73,
    0x67, 0x3B, 0x6C, 0x65, 0x73, 0x67, 0x65, 0x73, 0x3B, 0x6C, 0x65, 0x73, 0x73, 0x61, 0x70, 0x70,
    0x72, 0x6F, 0x78, 0x3B, 0x6C, 0x65, 0x73, 0x73, 0x64, 0x6F, 0x74, 0x3B, 0x6C, 0x65, 0x73, 0x73,
    0x65, 0x71, 0x67, 0x74, 0x72, 0x3B, 0x6C, 0x65, 0x73, 0x73, 0x65, 0x71, 0x71, 0x67, 0x74, 0x72,
    0x3B, 0x6C, 0x65, 0x73, 0x73, 0x67, 0x74, 0x72, 0x3B, 0x6C, 0x65, 0x73, 0x73, 0x73, 0x69, 0x6D,
    0x3B, 0x6C, 0x66, 0x69, 0x73, 0x68, 0x74, 0x3B, 0x6C, 0x66, 0x6C, 0x6F, 0x6F, 0x72, 0x3B, 0x6C,
    0x66, 0x72, 0x3B, 0x6C, 0x67, 0x3B, 0x6C, 0x67, 0x45, 0x3B, 0x6C, 0x68, 0x61, 0x72, 0x64, 0x3B,
    0x6C, 0x68, 0x61, 0x72, 0x75, 0x3B, 0x6C, 0x68, 0x61, 0x72, 0x75, 0x6C, 0x3B, 0x6C, 0x68, 0x62,
    0x6C, 0x6B, 0x3B, 0x6C, 0x6A, 0x63, 0x79, 0x3B, 0x6C, 0x6C, 0x3B, 0x6C, 0x6C, 0x61, 0x72, 0x72,
    0x3B, 0x6C, 0x6C, 0x63, 0x6F, 0x72, 0x6E, 0x65, 0x72, 0x3B, 0x6C, 0x6C, 0x68, 0x61, 0x72, 0x64,
    0x3B, 0x6C, 0x6C, 0x74, 0x72, 0x69, 0x3B, 0x6C, 0x6D, 0x69, 0x64, 0x6F, 0x74, 0x3B, 0x6C, 0x6D,
    0x6F, 0x75, 0x73, 0x74, 0x3B, 0x6C, 0x6D, 0x6F, 0x75, 0x73, 0x74, 0x61, 0x63, 0x68, 0x65, 0x3B,
    0x6C, 0x6E, 0x45, 0x3B, 0x6C, 0x6E, 0x61, 0x70, 0x3B, 0x6C, 0x6E, 0x61, 0x70, 0x70, 0x72, 0x6F,
    0x78, 0x3B, 0x6C, 0x6E, 0x65, 0x3B, 0x6C, 0x6E, 0x65, 0x71, 0x3B, 0x6C, 0x6E, 0x65, 0x71, 0x71,
    0x3B, 0x6C, 0x6E, 0x73, 0x69, 0x6D, 0x3B, 0x6C, 0x6F, 0x61, 0x6E, 0x67, 0x3B, 0x6C, 0x6F, 0x61,
    0x72, 0x72, 0x3B, 0x6C, 0x6F, 0x62, 0x72, 0x6B, 0x3B, 0x6C, 0x6F, 0x6E, 0x67, 0x6C, 0x65, 0x66,
    0x74, 0x61, 0x72, 0x72, 0x6F, 0x77, 0x3B, 0x6C, 0x6F, 0x6E, 0x67, 0x6C, 0x65, 0x66, 0x74, 0x72,
    0x69, 0x67, 0x68, 0x74, 0x61, 0x72, 0x72, 0x6F, 0x77, 0x3B, 0x6C, 0x6F, 0x6E, 0x67, 0x6D, 0x61,
    0x70, 0x73, 0x74, 0x6F, 0x3B, 0x6C, 0x6F, 0x6E, 0x67, 0x72, 0x69, 0x67, 0x68, 0x74, 0x61, 0x72,
    0x72, 0x6F, 0x77, 0x3B, 0x6C, 0x6F, 0x6F, 0x70, 0x61, 0x72, 0x72, 0x6F, 0x77, 0x6C, 0x65, 0x66,
    0x74, 0x3B, 0x6C, 0x6F, 0x6F, 0x70, 0x61, 0x72, 0x72, 0x6F, 0x77, 0x72, 0x69, 0x67, 0x68, 0x74,
    0x3B, 0x6C, 0x6F, 0x70, 0x61, 0x72, 0x3B, 0x6C, 0x6F, 0x70, 0x66, 0x3B, 0x6C, 0x6F, 0x70, 0x6C,
    0x75, 0x73, 0x3B, 0x6C, 0x6F, 0x74, 0x69, 0x6D, 0x65, 0x73, 0x3B, 0x6C, 0x6F, 0x77, 0x61, 0x73,
    0x74, 0x3B, 0x6C, 0x6F, 0x77, 0x62, 0x61, 0x72, 0x3B, 0x6C, 0x6F, 0x7A, 0x3B, 0x6C, 0x6F, 0x7A,
    0x65, 0x6E, 0x67, 0x65, 0x3B, 0x6C, 0x6F, 0x7A, 0x66, 0x3B, 0x6C, 0x70, 0x61, 0x72, 0x3B, 0x6C,
    0x70, 0x61, 0x72, 0x6C, 0x74, 0x3B, 0x6C, 0x72, 0x61, 0x72, 0x72, 0x3B, 0x6C, 0x72, 0x63, 0x6F,
    0x72, 0x6E, 0x65, 0x72, 0x3B, 0x6C, 0x72, 0x68, 0x61, 0x72, 0x3B, 0x6C, 0x72, 0x68, 0x61, 0x72,
    0x64, 0x3B, 0x6C, 0x72, 0x6D, 0x3B, 0x6C, 0x72, 0x74, 0x72, 0x69, 0x3B, 0x6C, 0x73, 0x61, 0x71,
    0x75, 0x6F, 0x3B, 0x6C, 0x73, 0x63, 0x72, 0x3B, 0x6C, 0x73, 0x68, 0x3B, 0x6C, 0x73, 0x69, 0x6D,
    0x3B, 0x6C, 0x73, 0x69, 0x6D, 0x65, 0x3B, 0x6C, 0x73, 0x69, 0x6D, 0x67, 0x3B, 0x6C, 0x73, 0x71,
    0x62, 0x3B, 0x6C, 0x73, 0x71, 0x75, 0x6F, 0x3B, 0x6C, 0x73, 0x71, 0x75, 0x6F, 0x72, 0x3B, 0x6C,
    0x73, 0x74, 0x72, 0x6F, 0x6B, 0x3B, 0x6C, 0x74, 0x6C, 0x74, 0x3B, 0x6C, 0x74, 0x63, 0x63, 0x3B,
    0x6C, 0x74, 0x63, 0x69, 0x72, 0x3B, 0x6C, 0x74, 0x64, 0x6F, 0x74, 0x3B, 0x6C, 0x74, 0x68, 0x72,
    0x65, 0x65, 0x3B, 0x6C, 0x74, 0x69, 0x6D, 0x65, 0x73, 0x3B, 0x6C, 0x74, 0x6C, 0x61, 0x72, 0x72,
    0x3B, 0x6C, 0x74, 0x71, 0x75, 0x65, 0x73, 0x74, 0x3B, 0x6C, 0x74, 0x72, 0x50, 0x61, 0x72, 0x3B,
    0x6C, 0x74, 0x72, 0x69, 0x3B, 0x6C, 0x74, 0x72, 0x69, 0x65, 0x3B, 0x6C, 0x74, 0x72, 0x69, 0x66,
    0x3B, 0x6C, 0x75, 0x72, 0x64, 0x73, 0x68, 0x61, 0x72, 0x3B, 0x6C, 0x75, 0x72, 0x75, 0x68, 0x61,
    0x72, 0x3B, 0x6C, 0x76, 0x65, 0x72, 0x74, 0x6E, 0x65, 0x71, 0x71, 0x3B, 0x6C, 0x76, 0x6E, 0x45,
    0x3B, 0x6D, 0x44, 0x44, 0x6F, 0x74, 0x3B, 0x6D, 0x61, 0x63, 0x72, 0x6D, 0x61, 0x63, 0x72, 0x3B,
    0x6D, 0x61, 0x6C, 0x65, 0x3B, 0x6D, 0x61, 0x6C, 0x74, 0x3B, 0x6D, 0x61, 0x6C, 0x74, 0x65, 0x73,
    0x65, 0x3B, 0x6D, 0x61, 0x70, 0x3B, 0x6D, 0x61, 0x70, 0x73, 0x74, 0x6F, 0x3B, 0x6D, 0x61, 0x70,
    0x73, 0x74, 0x6F, 0x64, 0x6F, 0x77, 0x6E, 0x3B, 0x6D, 0x61, 0x70, 0x73, 0x74, 0x6F, 0x6C, 0x65,
    0x66, 0x74, 0x3B, 0x6D, 0x61, 0x70, 0x73, 0x74, 0x6F, 0x75, 0x70, 0x3B, 0x6D, 0x61, 0x72, 0x6B,
    0x65, 0x72, 0x3B, 0x6D, 0x63, 0x6F, 0x6D, 0x6D, 0x61, 0x3B, 0x6D, 0x63, 0x79, 0x3B, 0x6D, 0x64,
    0x61, 0x73, 0x68, 0x3B, 0x6D, 0x65, 0x61, 0x73, 0x75, 0x72, 0x65, 0x64, 0x61, 0x6E, 0x67, 0x6C,
    0x65, 0x3B, 0x6D, 0x66, 0x72, 0x3B, 0x6D, 0x68, 0x6F, 0x3B, 0x6D, 0x69, 0x63, 0x72, 0x6F, 0x6D,
    0x69, 0x63, 0x72, 0x6F, 0x3B, 0x6D, 0x69, 0x64, 0x3B, 0x6D, 0x69, 0x64, 0x61, 0x73, 0x74, 0x3B,
    0x6D, 0x69, 0x64, 0x63, 0x69, 0x72, 0x3B, 0x6D, 0x69, 0x64, 0x64, 0x6F, 0x74, 0x6D, 0x69, 0x64,
    0x64, 0x6F, 0x74, 0x3B, 0x6D, 0x69, 0x6E, 0x75, 0x73, 0x3B, 0x6D, 0x69, 0x6E, 0x75, 0x73, 0x62,
    0x3B, 0x6D, 0x69, 0x6E, 0x75, 0x73, 0x64, 0x3B, 0x6D, 0x69, 0x6E, 0x75, 0x73, 0x64, 0x75, 0x3B,
    0x6D, 0x6C, 0x63, 0x70, 0x3B, 0x6D, 0x6C, 0x64, 0x72, 0x3B, 0x6D, 0x6E, 0x70, 0x6C, 0x75, 0x73,
    0x3B, 0x6D, 0x6F, 0x64, 0x65, 0x6C, 0x73, 0x3B, 0x6D, 0x6F, 0x70, 0x66, 0x3B, 0x6D, 0x70, 0x3B,
    0x6D, 0x73, 0x63, 0x72, 0x3B, 0x6D, 0x73, 0x74, 0x70, 0x6F, 0x73, 0x3B, 0x6D, 0x75, 0x3B, 0x6D,
    0x75, 0x6C, 0x74, 0x69, 0x6D, 0x61, 0x70, 0x3B, 0x6D, 0x75, 0x6D, 0x61, 0x70, 0x3B, 0x6E, 0x47,
    0x67, 0x3B, 0x6E, 0x47, 0x74, 0x3B, 0x6E, 0x47, 0x74, 0x76, 0x3B, 0x6E, 0x4C, 0x65, 0x66, 0x74,
    0x61, 0x72, 0x72, 0x6F, 0x77, 0x3B, 0x6E, 0x4C, 0x65, 0x66, 0x74, 0x72, 0x69, 0x67, 0x68, 0x74,
    0x61, 0x72, 0x72, 0x6F, 0x77, 0x3B, 0x6E, 0x4C, 0x6C, 0x3B, 0x6E, 0x4C, 0x74, 0x3B, 0x6E, 0x4C,
    0x74, 0x76, 0x3B, 0x6E, 0x52, 0x69, 0x67, 0x68, 0x74, 0x61, 0x72, 0x72, 0x6F, 0x77, 0x3B, 0x6E,
    0x56, 0x44, 0x61, 0x73, 0x68, 0x3B, 0x6E, 0x56, 0x64, 0x61, 0x73, 0x68, 0x3B, 0x6E, 0x61, 0x62,
    0x6C, 0x61, 0x3B, 0x6E, 0x61, 0x63, 0x75, 0x74, 0x65, 0x3B, 0x6E, 0x61, 0x6E, 0x67, 0x3B, 0x6E,
    0x61, 0x70, 0x3B, 0x6E, 0x61, 0x70, 0x45, 0x3B, 0x6E, 0x61, 0x70, 0x69, 0x64, 0x3B, 0x6E, 0x61,
    0x70, 0x6F, 0x73, 0x3B, 0x6E, 0x61, 0x70, 0x70, 0x72, 0x6F, 0x78, 0x3B, 0x6E, 0x61, 0x74, 0x75,
    0x72, 0x3B, 0x6E, 0x61, 0x74, 0x75, 0x72, 0x61, 0x6C, 0x3B, 0x6E, 0x61, 0x74, 0x75, 0x72, 0x61,
    0x6C, 0x73, 0x3B, 0x6E, 0x62, 0x73, 0x70, 0x6E, 0x62, 0x73, 0x70, 0x3B, 0x6E, 0x62, 0x75, 0x6D,
    0x70, 0x3B, 0x6E, 0x62, 0x75, 0x6D, 0x70, 0x65, 0x3B, 0x6E, 0x63, 0x61, 0x70, 0x3B, 0x6E, 0x63,
    0x61, 0x72, 0x6F, 0x6E, 0x3B, 0x6E, 0x63, 0x65, 0x64, 0x69, 0x6C, 0x3B, 0x6E, 0x63, 0x6F, 0x6E,
    0x67, 0x3B, 0x6E, 0x63, 0x6F, 0x6E, 0x67, 0x64, 0x6F, 0x74, 0x3B, 0x6E, 0x63, 0x75, 0x70, 0x3B,
    0x6E, 0x63, 0x79, 0x3B, 0x6E, 0x64, 0x61, 0x73, 0x68, 0x3B, 0x6E, 0x65, 0x3B, 0x6E, 0x65, 0x41,
    0x72, 0x72, 0x3B, 0x6E, 0x65, 0x61, 0x72, 0x68, 0x6B, 0x3B, 0x6E, 0x65, 0x61, 0x72, 0x72, 0x3B,
    0x6E, 0x65, 0x61, 0x72, 0x72, 0x6F, 0x77, 0x3B, 0x6E, 0x65, 0x64, 0x6F, 0x74, 0x3B, 0x6E, 0x65,
    0x71, 0x75, 0x69, 0x76, 0x3B, 0x6E, 0x65, 0x73, 0x65, 0x61, 0x72, 0x3B, 0x6E, 0x65, 0x73, 0x69,
    0x6D, 0x3B, 0x6E, 0x65, 0x78, 0x69, 0x73, 0x74, 0x3B, 0x6E, 0x65, 0x78, 0x69, 0x73, 0x74, 0x73,
    0x3B, 0x6E, 0x66, 0x72, 0x3B, 0x6E, 0x67, 0x45, 0x3B, 0x6E, 0x67, 0x65, 0x3B, 0x6E, 0x67, 0x65,
    0x71, 0x3B, 0x6E, 0x67, 0x65, 0x71, 0x71, 0x3B, 0x6E, 0x67, 0x65, 0x71, 0x73, 0x6C, 0x61, 0x6E,
    0x74, 0x3B, 0x6E, 0x67, 0x65, 0x73, 0x3B, 0x6E, 0x67, 0x73, 0x69, 0x6D, 0x3B, 0x6E, 0x67, 0x74,
    0x3B, 0x6E, 0x67, 0x74, 0x72, 0x3B, 0x6E, 0x68, 0x41, 0x72, 0x72, 0x3B, 0x6E, 0x68, 0x61, 0x72,
    0x72, 0x3B, 0x6E, 0x68, 0x70, 0x61, 0x72, 0x3B, 0x6E, 0x69, 0x3B, 0x6E, 0x69, 0x73, 0x3B, 0x6E,
    0x69, 0x73, 0x64, 0x3B, 0x6E, 0x69, 0x76, 0x3B, 0x6E, 0x6A, 0x63, 0x79, 0x3B, 0x6E, 0x6C, 0x41,
    0x72, 0x72, 0x3B, 0x6E, 0x6C, 0x45, 0x3B, 0x6E, 0x6C, 0x61, 0x72, 0x72, 0x3B, 0x6E, 0x6C, 0x64,
    0x72, 0x3B, 0x6E, 0x6C, 0x65, 0x3B, 0x6E, 0x6C, 0x65, 0x66, 0x74, 0x61, 0x72, 0x72, 0x6F, 0x77,
    0x3B, 0x6E, 0x6C, 0x65, 0x66, 0x74, 0x72, 0x69, 0x67, 0x68, 0x74, 0x61, 0x72, 0x72, 0x6F, 0x77,
    0x3B, 0x6E, 0x6C, 0x65, 0x71, 0x3B, 0x6E, 0x6C, 0x65, 0x71, 0x71, 0x3B, 0x6E, 0x6C, 0x65, 0x71,
    0x73, 0x6C, 0x61, 0x6E, 0x74, 0x3B, 0x6E, 0x6C, 0x65, 0x73, 0x3B, 0x6E, 0x6C, 0x65, 0x73, 0x73,
    0x3B, 0x6E, 0x6C, 0x73, 0x69, 0x6D, 0x3B, 0x6E, 0x6C, 0x74, 0x3B, 0x6E, 0x6C, 0x74, 0x72, 0x69,
    0x3B, 0x6E, 0x6C, 0x74, 0x72, 0x69, 0x65, 0x3B, 0x6E, 0x6D, 0x69, 0x64, 0x3B, 0x6E, 0x6F, 0x70,
    0x66, 0x3B, 0x6E, 0x6F, 0x74, 0x6E, 0x6F, 0x74, 0x3B, 0x6E, 0x6F, 0x74, 0x69, 0x6E, 0x3B, 0x6E,
    0x6F, 0x74, 0x69, 0x6E, 0x45, 0x3B, 0x6E, 0x6F, 0x74, 0x69, 0x6E, 0x64, 0x6F, 0x74, 0x3B, 0x6E,
    0x6F, 0x74, 0x69, 0x6E, 0x76, 0x61, 0x3B, 0x6E, 0x6F, 0x74, 0x69, 0x6E, 0x76, 0x62, 0x3B, 0x6E,
    0x6F, 0x74, 0x69, 0x6E, 0x76, 0x63, 0x3B, 0x6E, 0x6F, 0x74, 0x6E, 0x69, 0x3B, 0x6E, 0x6F, 0x74,
    0x6E, 0x69, 0x76, 0x61, 0x3B, 0x6E, 0x6F, 0x74, 0x6E, 0x69, 0x76, 0x62, 0x3B, 0x6E, 0x6F, 0x74,
    0x6E, 0x69, 0x76, 0x63, 0x3B, 0x6E, 0x70, 0x61, 0x72, 0x3B, 0x6E, 0x70, 0x61, 0x72, 0x61, 0x6C,
    0x6C, 0x65, 0x6C, 0x3B, 0x6E, 0x70, 0x61, 0x72, 0x73, 0x6C, 0x3B, 0x6E, 0x70, 0x61, 0x72, 0x74,
    0x3B, 0x6E, 0x70, 0x6F, 0x6C, 0x69, 0x6E, 0x74, 0x3B, 0x6E, 0x70, 0x72, 0x3B, 0x6E, 0x70, 0x72,
    0x63, 0x75, 0x65, 0x3B, 0x6E, 0x70, 0x72, 0x65, 0x3B, 0x6E, 0x70, 0x72, 0x65, 0x63, 0x3B, 0x6E,
    0x70, 0x72, 0x65, 0x63, 0x65, 0x71, 0x3B, 0x6E, 0x72, 0x41, 0x72, 0x72, 0x3B, 0x6E, 0x72, 0x61,
    0x72, 0x72, 0x3B, 0x6E, 0x72, 0x61, 0x72, 0x72, 0x63, 0x3B, 0x6E, 0x72, 0x61, 0x72, 0x72, 0x77,
    0x3B, 0x6E, 0x72, 0x69, 0x67, 0x68, 0x74, 0x61, 0x72, 0x72, 0x6F, 0x77, 0x3B, 0x6E, 0x72, 0x74,
    0x72, 0x69, 0x3B, 0x6E, 0x72, 0x74, 0x72, 0x69, 0x65, 0x3B, 0x6E, 0x73, 0x63, 0x3B, 0x6E, 0x73,
    0x63, 0x63, 0x75, 0x65, 0x3B, 0x6E, 0x73, 0x63, 0x65, 0x3B, 0x6E, 0x73, 0x63, 0x72, 0x3B, 0x6E,
    0x73, 0x68, 0x6F, 0x72, 0x74, 0x6D, 0x69, 0x64, 0x3B, 0x6E, 0x73, 0x68, 0x6F, 0x72, 0x74, 0x70,
    0x61, 0x72, 0x61, 0x6C, 0x6C, 0x65, 0x6C, 0x3B, 0x6E, 0x73, 0x69, 0x6D, 0x3B, 0x6E, 0x73, 0x69,
    0x6D, 0x65, 0x3B, 0x6E, 0x73, 0x69, 0x6D, 0x65, 0x71, 0x3B, 0x6E, 0x73, 0x6D, 0x69, 0x64, 0x3B,
    0x6E, 0x73, 0x70, 0x61, 0x72, 0x3B, 0x6E, 0x73, 0x71, 0x73, 0x75, 0x62, 0x65, 0x3B, 0x6E, 0x73,
    0x71, 0x73, 0x75, 0x70, 0x65, 0x3B, 0x6E, 0x73, 0x75, 0x62, 0x3B, 0x6E, 0x73, 0x75, 0x62, 0x45,
    0x3B, 0x6E, 0x73, 0x75, 0x62, 0x65, 0x3B, 0x6E, 0x73, 0x75, 0x62, 0x73, 0x65, 0x74, 0x3B, 0x6E,
    0x73, 0x75, 0x62, 0x73, 0x65, 0x74, 0x65, 0x71, 0x3B, 0x6E, 0x73, 0x75, 0x62, 0x73, 0x65, 0x74,
    0x65, 0x71, 0x71, 0x3B, 0x6E, 0x73, 0x75, 0x63, 0x63, 0x3B, 0x6E, 0x73, 0x75, 0x63, 0x63, 0x65,
    0x71, 0x3B, 0x6E, 0x73, 0x75, 0x70, 0x3B, 0x6E, 0x73, 0x75, 0x70, 0x45, 0x3B, 0x6E, 0x73, 0x75,
    0x70, 0x65, 0x3B, 0x6E, 0x73, 0x75, 0x70, 0x73, 0x65, 0x74, 0x3B, 0x6E, 0x73, 0x75, 0x70, 0x73,
    0x65, 0x74, 0x65, 0x71, 0x3B, 0x6E, 0x73, 0x75, 0x70, 0x73, 0x65, 0x74, 0x65, 0x71, 0x71, 0x3B,
    0x6E, 0x74, 0x67, 0x6C, 0x3B, 0x6E, 0x74, 0x69, 0x6C, 0x64, 0x65, 0x6E, 0x74, 0x69, 0x6C, 0x64,
    0x65, 0x3B, 0x6E, 0x74, 0x6C, 0x67, 0x3B, 0x6E, 0x74, 0x72, 0x69, 0x61, 0x6E, 0x67, 0x6C, 0x65,
    0x6C, 0x65, 0x66, 0x74, 0x3B, 0x6E, 0x74, 0x72, 0x69, 0x61, 0x6E, 0x67, 0x6C, 0x65, 0x6C, 0x65,
    0x66, 0x74, 0x65, 0x71, 0x3B, 0x6E, 0x74, 0x72, 0x69, 0x61, 0x6E, 0x67, 0x6C, 0x65, 0x72, 0x69,
    0x67, 0x68, 0x74, 0x3B, 0x6E, 0x74, 0x72, 0x69, 0x61, 0x6E, 0x67, 0x6C, 0x65, 0x72, 0x69, 0x67,
    0x68, 0x74, 0x65, 0x71, 0x3B, 0x6E, 0x75, 0x3B, 0x6E, 0x75, 0x6D, 0x3B, 0x6E, 0x75, 0x6D, 0x65,
    0x72, 0x6F, 0x3B, 0x6E, 0x75, 0x6D, 0x73, 0x70, 0x3B, 0x6E, 0x76, 0x44, 0x61, 0x73, 0x68, 0x3B,
    0x6E, 0x76, 0x48, 0x61, 0x72, 0x72, 0x3B, 0x6E, 0x76, 0x61, 0x70, 0x3B, 0x6E, 0x76, 0x64, 0x61,
    0x73, 0x68, 0x3B, 0x6E, 0x76, 0x67, 0x65, 0x3B, 0x6E, 0x76, 0x67, 0x74, 0x3B, 0x6E, 0x76, 0x69,
    0x6E, 0x66, 0x69, 0x6E, 0x3B, 0x6E, 0x76, 0x6C, 0x41, 0x72, 0x72, 0x3B, 0x6E, 0x76, 0x6C, 0x65,
    0x3B, 0x6E, 0x76, 0x6C, 0x74, 0x3B, 0x6E, 0x76, 0x6C, 0x74, 0x72, 0x69, 0x65, 0x3B, 0x6E, 0x76,
    0x72, 0x41, 0x72, 0x72, 0x3B, 0x6E, 0x76, 0x72, 0x74, 0x72, 0x69, 0x65, 0x3B, 0x6E, 0x76, 0x73,
    0x69, 0x6D, 0x3B, 0x6E, 0x77, 0x41, 0x72, 0x72, 0x3B, 0x6E, 0x77, 0x61, 0x72, 0x68, 0x6B, 0x3B,
    0x6E, 0x77, 0x61, 0x72, 0x72, 0x3B, 0x6E, 0x77, 0x61, 0x72, 0x72, 0x6F, 0x77, 0x3B, 0x6E, 0x77,
    0x6E, 0x65, 0x61, 0x72, 0x3B, 0x6F, 0x53, 0x3B, 0x6F, 0x61, 0x63, 0x75, 0x74, 0x65, 0x6F, 0x61,
    0x63, 0x75, 0x74, 0x65, 0x3B, 0x6F, 0x61, 0x73, 0x74, 0x3B, 0x6F, 0x63, 0x69, 0x72, 0x3B, 0x6F,
    0x63, 0x69, 0x72, 0x63, 0x6F, 0x63, 0x69, 0x72, 0x63, 0x3B, 0x6F, 0x63, 0x79, 0x3B, 0x6F, 0x64,
    0x61, 0x73, 0x68, 0x3B, 0x6F, 0x64, 0x62, 0x6C, 0x61, 0x63, 0x3B, 0x6F, 0x64, 0x69, 0x76, 0x3B,
    0x6F, 0x64, 0x6F, 0x74, 0x3B, 0x6F, 0x64, 0x73, 0x6F, 0x6C, 0x64, 0x3B, 0x6F, 0x65, 0x6C, 0x69,
    0x67, 0x3B, 0x6F, 0x66, 0x63, 0x69, 0x72, 0x3B, 0x6F, 0x66, 0x72, 0x3B, 0x6F, 0x67, 0x6F, 0x6E,
    0x3B, 0x6F, 0x67, 0x72, 0x61, 0x76, 0x65, 0x6F, 0x67, 0x72, 0x61, 0x76, 0x65, 0x3B, 0x6F, 0x67,
    0x74, 0x3B, 0x6F, 0x68, 0x62, 0x61, 0x72, 0x3B, 0x6F, 0x68, 0x6D, 0x3B, 0x6F, 0x69, 0x6E, 0x74,
    0x3B, 0x6F, 0x6C, 0x61, 0x72, 0x72, 0x3B, 0x6F, 0x6C, 0x63, 0x69, 0x72, 0x3B, 0x6F, 0x6C, 0x63,
    0x72, 0x6F, 0x73, 0x73, 0x3B, 0x6F, 0x6C, 0x69, 0x6E, 0x65, 0x3B, 0x6F, 0x6C, 0x74, 0x3B, 0x6F,
    0x6D, 0x61, 0x63, 0x72, 0x3B, 0x6F, 0x6D, 0x65, 0x67, 0x61, 0x3B, 0x6F, 0x6D, 0x69, 0x63, 0x72,
    0x6F, 0x6E, 0x3B, 0x6F, 0x6D, 0x69, 0x64, 0x3B, 0x6F, 0x6D, 0x69, 0x6E, 0x75, 0x73, 0x3B, 0x6F,
    0x6F, 0x70, 0x66, 0x3B, 0x6F, 0x70, 0x61, 0x72, 0x3B, 0x6F, 0x70, 0x65, 0x72, 0x70, 0x3B, 0x6F,
    0x70, 0x6C, 0x75, 0x73, 0x3B, 0x6F, 0x72, 0x3B, 0x6F, 0x72, 0x61, 0x72, 0x72, 0x3B, 0x6F, 0x72,
    0x64, 0x3B, 0x6F, 0x72, 0x64, 0x65, 0x72, 0x3B, 0x6F, 0x72, 0x64, 0x65, 0x72, 0x6F, 0x66, 0x3B,
    0x6F, 0x72, 0x64, 0x66, 0x6F, 0x72, 0x64, 0x66, 0x3B, 0x6F, 0x72, 0x64, 0x6D, 0x6F, 0x72, 0x64,
    0x6D, 0x3B, 0x6F, 0x72, 0x69, 0x67, 0x6F, 0x66, 0x3B, 0x6F, 0x72, 0x6F, 0x72, 0x3B, 0x6F, 0x72,
    0x73, 0x6C, 0x6F, 0x70, 0x65, 0x3B, 0x6F, 0x72, 0x76, 0x3B, 0x6F, 0x73, 0x63, 0x72, 0x3B, 0x6F,
    0x73, 0x6C, 0x61, 0x73, 0x68, 0x6F, 0x73, 0x6C, 0x61, 0x73, 0x68, 0x3B, 0x6F, 0x73, 0x6F, 0x6C,
    0x3B, 0x6F, 0x74, 0x69, 0x6C, 0x64, 0x65, 0x6F, 0x74, 0x69, 0x6C, 0x64, 0x65, 0x3B, 0x6F, 0x74,
    0x69, 0x6D, 0x65, 0x73, 0x3B, 0x6F, 0x74, 0x69, 0x6D, 0x65, 0x73, 0x61, 0x73, 0x3B, 0x6F, 0x75,
    0x6D, 0x6C, 0x6F, 0x75, 0x6D, 0x6C, 0x3B, 0x6F, 0x76, 0x62, 0x61, 0x72, 0x3B, 0x70, 0x61, 0x72,
    0x3B, 0x70, 0x61, 0x72, 0x61, 0x70, 0x61, 0x72, 0x61, 0x3B, 0x70, 0x61, 0x72, 0x61, 0x6C, 0x6C,
    0x65, 0x6C, 0x3B, 0x70, 0x61, 0x72, 0x73, 0x69, 0x6D, 0x3B, 0x70, 0x61, 0x72, 0x73, 0x6C, 0x3B,
    0x70, 0x61, 0x72, 0x74, 0x3B, 0x70, 0x63, 0x79, 0x3B, 0x70, 0x65, 0x72, 0x63, 0x6E, 0x74, 0x3B,
    0x70, 0x65, 0x72, 0x69, 0x6F, 0x64, 0x3B, 0x70, 0x65, 0x72, 0x6D, 0x69, 0x6C, 0x3B, 0x70, 0x65,
    0x72, 0x70, 0x3B, 0x70, 0x65, 0x72, 0x74, 0x65, 0x6E, 0x6B, 0x3B, 0x70, 0x66, 0x72, 0x3B, 0x70,
    0x68, 0x69, 0x3B, 0x70, 0x68, 0x69, 0x76, 0x3B, 0x70, 0x68, 0x6D, 0x6D, 0x61, 0x74, 0x3B, 0x70,
    0x68, 0x6F, 0x6E, 0x65, 0x3B, 0x70, 0x69, 0x3B, 0x70, 0x69, 0x74, 0x63, 0x68, 0x66, 0x6F, 0x72,
    0x6B, 0x3B, 0x70, 0x69, 0x76, 0x3B, 0x70, 0x6C, 0x61, 0x6E, 0x63, 0x6B, 0x3B, 0x70, 0x6C, 0x61,
    0x6E, 0x63, 0x6B, 0x68, 0x3B, 0x70, 0x6C, 0x61, 0x6E, 0x6B, 0x76, 0x3B, 0x70, 0x6C, 0x75, 0x73,
    0x3B, 0x70, 0x6C, 0x75, 0x73, 0x61, 0x63, 0x69, 0x72, 0x3B, 0x70, 0x6C, 0x75, 0x73, 0x62, 0x3B,
    0x70, 0x6C, 0x75, 0x73, 0x63, 0x69, 0x72, 0x3B, 0x70, 0x6C, 0x75, 0x73, 0x64, 0x6F, 0x3B, 0x70,
    0x6C, 0x75, 0x73, 0x64, 0x75, 0x3B, 0x70, 0x6C, 0x75, 0x73, 0x65, 0x3B, 0x70, 0x6C, 0x75, 0x73,
    0x6D, 0x6E, 0x70, 0x6C, 0x75, 0x73, 0x6D, 0x6E, 0x3B, 0x70, 0x6C, 0x75, 0x73, 0x73, 0x69, 0x6D,
    0x3B, 0x70, 0x6C, 0x75, 0x73, 0x74, 0x77, 0x6F, 0x3B, 0x70, 0x6D, 0x3B, 0x70, 0x6F, 0x69, 0x6E,
    0x74, 0x69, 0x6E, 0x74, 0x3B, 0x70, 0x6F, 0x70, 0x66, 0x3B, 0x70, 0x6F, 0x75, 0x6E, 0x64, 0x70,
    0x6F, 0x75, 0x6E, 0x64, 0x3B, 0x70, 0x72, 0x3B, 0x70, 0x72, 0x45, 0x3B, 0x70, 0x72, 0x61, 0x70,
    0x3B, 0x70, 0x72, 0x63, 0x75, 0x65, 0x3B, 0x70, 0x72, 0x65, 0x3B, 0x70, 0x72, 0x65, 0x63, 0x3B,
    0x70, 0x72, 0x65, 0x63, 0x61, 0x70, 0x70, 0x72, 0x6F, 0x78, 0x3B, 0x70, 0x72, 0x65, 0x63, 0x63,
    0x75, 0x72, 0x6C, 0x79, 0x65, 0x71, 0x3B, 0x70, 0x72, 0x65, 0x63, 0x65, 0x71, 0x3B, 0x70, 0x72,
    0x65, 0x63, 0x6E, 0x61, 0x70, 0x70, 0x72, 0x6F, 0x78, 0x3B, 0x70, 0x72, 0x65, 0x63, 0x6E, 0x65,
    0x71, 0x71, 0x3B, 0x70, 0x72, 0x65, 0x63, 0x6E, 0x73, 0x69, 0x6D, 0x3B, 0x70, 0x72, 0x65, 0x63,
    0x73, 0x69, 0x6D, 0x3B, 0x70, 0x72, 0x69, 0x6D, 0x65, 0x3B, 0x70, 0x72, 0x69, 0x6D, 0x65, 0x73,
    0x3B, 0x70, 0x72, 0x6E, 0x45, 0x3B, 0x70, 0x72, 0x6E, 0x61, 0x70, 0x3B, 0x70, 0x72, 0x6E, 0x73,
    0x69, 0x6D, 0x3B, 0x70, 0x72, 0x6F, 0x64, 0x3B, 0x70, 0x72, 0x6F, 0x66, 0x61, 0x6C, 0x61, 0x72,
    0x3B, 0x70, 0x72, 0x6F, 0x66, 0x6C, 0x69, 0x6E, 0x65, 0x3B, 0x70, 0x72, 0x6F, 0x66, 0x73, 0x75,
    0x72, 0x66, 0x3B, 0x70, 0x72, 0x6F, 0x70, 0x3B, 0x70, 0x72, 0x6F, 0x70, 0x74, 0x6F, 0x3B, 0x70,
    0x72, 0x73, 0x69, 0x6D, 0x3B, 0x70, 0x72, 0x75, 0x72, 0x65, 0x6C, 0x3B, 0x70, 0x73, 0x63, 0x72,
    0x3B, 0x70, 0x73, 0x69, 0x3B, 0x70, 0x75, 0x6E, 0x63, 0x73, 0x70, 0x3B, 0x71, 0x66, 0x72, 0x3B,
    0x71, 0x69, 0x6E, 0x74, 0x3B, 0x71, 0x6F, 0x70, 0x66, 0x3B, 0x71, 0x70, 0x72, 0x69, 0x6D, 0x65,
    0x3B, 0x71, 0x73, 0x63, 0x72, 0x3B, 0x71, 0x75, 0x61, 0x74, 0x65, 0x72, 0x6E, 0x69, 0x6F, 0x6E,
    0x73, 0x3B, 0x71, 0x75, 0x61, 0x74, 0x69, 0x6E, 0x74, 0x3B, 0x71, 0x75, 0x65, 0x73, 0x74, 0x3B,
    0x71, 0x75, 0x65, 0x73, 0x74, 0x65, 0x71, 0x3B, 0x71, 0x75, 0x6F, 0x74, 0x71, 0x75, 0x6F, 0x74,
    0x3B, 0x72, 0x41, 0x61, 0x72, 0x72, 0x3B, 0x72, 0x41, 0x72, 0x72, 0x3B, 0x72, 0x41, 0x74, 0x61,
    0x69, 0x6C, 0x3B, 0x72, 0x42, 0x61, 0x72, 0x72, 0x3B, 0x72, 0x48, 0x61, 0x72, 0x3B, 0x72, 0x61,
    0x63, 0x65, 0x3B, 0x72, 0x61, 0x63, 0x75, 0x74, 0x65, 0x3B, 0x72, 0x61, 0x64, 0x69, 0x63, 0x3B,
    0x72, 0x61, 0x65, 0x6D, 0x70, 0x74, 0x79, 0x76, 0x3B, 0x72, 0x61, 0x6E, 0x67, 0x3B, 0x72, 0x61,
    0x6E, 0x67, 0x64, 0x3B, 0x72, 0x61, 0x6E, 0x67, 0x65, 0x3B, 0x72, 0x61, 0x6E, 0x67, 0x6C, 0x65,
    0x3B, 0x72, 0x61, 0x71, 0x75, 0x6F, 0x72, 0x61, 0x71, 0x75, 0x6F, 0x3B, 0x72, 0x61, 0x72, 0x72,
    0x3B, 0x72, 0x61, 0x72, 0x72, 0x61, 0x70, 0x3B, 0x72, 0x61, 0x72, 0x72, 0x62, 0x3B, 0x72, 0x61,
    0x72, 0x72, 0x62, 0x66, 0x73, 0x3B, 0x72, 0x61, 0x72, 0x72, 0x63, 0x3B, 0x72, 0x61, 0x72, 0x72,
    0x66, 0x73, 0x3B, 0x72, 0x61, 0x72, 0x72, 0x68, 0x6B, 0x3B, 0x72, 0x61, 0x72, 0x72, 0x6C, 0x70,
    0x3B, 0x72, 0x61, 0x72, 0x72, 0x70, 0x6C, 0x3B, 0x72, 0x61, 0x72, 0x72, 0x73, 0x69, 0x6D, 0x3B,
    0x72, 0x61, 0x72, 0x72, 0x74, 0x6C, 0x3B, 0x72, 0x61, 0x72, 0x72, 0x77, 0x3B, 0x72, 0x61, 0x74,
    0x61, 0x69, 0x6C, 0x3B, 0x72, 0x61, 0x74, 0x69, 0x6F, 0x3B, 0x72, 0x61, 0x74, 0x69, 0x6F, 0x6E,
    0x61, 0x6C, 0x73, 0x3B, 0x72, 0x62, 0x61, 0x72, 0x72, 0x3B, 0x72, 0x62, 0x62, 0x72, 0x6B, 0x3B,
    0x72, 0x62, 0x72, 0x61, 0x63, 0x65, 0x3B, 0x72, 0x62, 0x72, 0x61, 0x63, 0x6B, 0x3B, 0x72, 0x62,
    0x72, 0x6B, 0x65, 0x3B, 0x72, 0x62, 0x72, 0x6B, 0x73, 0x6C, 0x64, 0x3B, 0x72, 0x62, 0x72, 0x6B,
    0x73, 0x6C, 0x75, 0x3B, 0x72, 0x63, 0x61, 0x72, 0x6F, 0x6E, 0x3B, 0x72, 0x63, 0x65, 0x64, 0x69,
    0x6C, 0x3B, 0x72, 0x63, 0x65, 0x69, 0x6C, 0x3B, 0x72, 0x63, 0x75, 0x62, 0x3B, 0x72, 0x63, 0x79,
    0x3B, 0x72, 0x64, 0x63, 0x61, 0x3B, 0x72, 0x64, 0x6C, 0x64, 0x68, 0x61, 0x72, 0x3B, 0x72, 0x64,
    0x71, 0x75, 0x6F, 0x3B, 0x72, 0x64, 0x71, 0x75, 0x6F, 0x72, 0x3B, 0x72, 0x64, 0x73, 0x68, 0x3B,
    0x72, 0x65, 0x61, 0x6C, 0x3B, 0x72, 0x65, 0x61, 0x6C, 0x69, 0x6E, 0x65, 0x3B, 0x72, 0x65, 0x61,
    0x6C, 0x70, 0x61, 0x72, 0x74, 0x3B, 0x72, 0x65, 0x61, 0x6C, 0x73, 0x3B, 0x72, 0x65, 0x63, 0x74,
    0x3B, 0x72, 0x65, 0x67, 0x72, 0x65, 0x67, 0x3B, 0x72, 0x66, 0x69, 0x73, 0x68, 0x74, 0x3B, 0x72,
    0x66, 0x6C, 0x6F, 0x6F, 0x72, 0x3B, 0x72, 0x66, 0x72, 0x3B, 0x72, 0x68, 0x61, 0x72, 0x64, 0x3B,
    0x72, 0x68, 0x61, 0x72, 0x75, 0x3B, 0x72, 0x68, 0x61, 0x72, 0x75, 0x6C, 0x3B, 0x72, 0x68, 0x6F,
    0x3B, 0x72, 0x68, 0x6F, 0x76, 0x3B, 0x72, 0x69, 0x67, 0x68, 0x74, 0x61, 0x72, 0x72, 0x6F, 0x77,
    0x3B, 0x72, 0x69, 0x67, 0x68, 0x74, 0x61, 0x72, 0x72, 0x6F, 0x77, 0x74, 0x61, 0x69, 0x6C, 0x3B,
    0x72, 0x69, 0x67, 0x68, 0x74, 0x68, 0x61, 0x72, 0x70, 0x6F, 0x6F, 0x6E, 0x64, 0x6F, 0x77, 0x6E,
    0x3B, 0x72, 0x69, 0x67, 0x68, 0x74, 0x68, 0x61, 0x72, 0x70, 0x6F, 0x6F, 0x6E, 0x75, 0x70, 0x3B,
    0x72, 0x69, 0x67, 0x68, 0x74, 0x6C, 0x65, 0x66, 0x74, 0x61, 0x72, 0x72, 0x6F, 0x77, 0x73, 0x3B,
    0x72, 0x69, 0x67, 0x68, 0x74, 0x6C, 0x65, 0x66, 0x74, 0x68, 0x61, 0x72, 0x70, 0x6F, 0x6F, 0x6E,
    0x73, 0x3B, 0x72, 0x69, 0x67, 0x68, 0x74, 0x72, 0x69, 0x67, 0x68, 0x74, 0x61, 0x72, 0x72, 0x6F,
    0x77, 0x73, 0x3B, 0x72, 0x69, 0x67, 0x68, 0x74, 0x73, 0x71, 0x75, 0x69, 0x67, 0x61, 0x72, 0x72,
    0x6F, 0x77, 0x3B, 0x72, 0x69, 0x67, 0x68, 0x74, 0x74, 0x68, 0x72, 0x65, 0x65, 0x74, 0x69, 0x6D,
    0x65, 0x73, 0x3B, 0x72, 0x69, 0x6E, 0x67, 0x3B, 0x72, 0x69, 0x73, 0x69, 0x6E, 0x67, 0x64, 0x6F,
    0x74, 0x73, 0x65, 0x71, 0x3B, 0x72, 0x6C, 0x61, 0x72, 0x72, 0x3B, 0x72, 0x6C, 0x68, 0x61, 0x72,
    0x3B, 0x72, 0x6C, 0x6D, 0x3B, 0x72, 0x6D, 0x6F, 0x75, 0x73, 0x74, 0x3B, 0x72, 0x6D, 0x6F, 0x75,
    0x73, 0x74, 0x61, 0x63, 0x68, 0x65, 0x3B, 0x72, 0x6E, 0x6D, 0x69, 0x64, 0x3B, 0x72, 0x6F, 0x61,
    0x6E, 0x67, 0x3B, 0x72, 0x6F, 0x61, 0x72, 0x72, 0x3B, 0x72, 0x6F, 0x62, 0x72, 0x6B, 0x3B, 0x72,
    0x6F, 0x70, 0x61, 0x72, 0x3B, 0x72, 0x6F, 0x70, 0x66, 0x3B, 0x72, 0x6F, 0x70, 0x6C, 0x75, 0x73,
    0x3B, 0x72, 0x6F, 0x74, 0x69, 0x6D, 0x65, 0x73, 0x3B, 0x72, 0x70, 0x61, 0x72, 0x3B, 0x72, 0x70,
    0x61, 0x72, 0x67, 0x74, 0x3B, 0x72, 0x70, 0x70, 0x6F, 0x6C, 0x69, 0x6E, 0x74, 0x3B, 0x72, 0x72,
    0x61, 0x72, 0x72, 0x3B, 0x72, 0x73, 0x61, 0x71, 0x75, 0x6F, 0x3B, 0x72, 0x73, 0x63, 0x72, 0x3B,
    0x72, 0x73, 0x68, 0x3B, 0x72, 0x73, 0x71, 0x62, 0x3B, 0x72, 0x73, 0x71, 0x75, 0x6F, 0x3B, 0x72,
    0x73, 0x71, 0x75, 0x6F, 0x72, 0x3B, 0x72, 0x74, 0x68, 0x72, 0x65, 0x65, 0x3B, 0x72, 0x74, 0x69,
    0x6D, 0x65, 0x73, 0x3B, 0x72, 0x74, 0x72, 0x69, 0x3B, 0x72, 0x74, 0x72, 0x69, 0x65, 0x3B, 0x72,
    0x74, 0x72, 0x69, 0x66, 0x3B, 0x72, 0x74, 0x72, 0x69, 0x6C, 0x74, 0x72, 0x69, 0x3B, 0x72, 0x75,
    0x6C, 0x75, 0x68, 0x61, 0x72, 0x3B, 0x72, 0x78, 0x3B, 0x73, 0x61, 0x63, 0x75, 0x74, 0x65, 0x3B,
    0x73, 0x62, 0x71, 0x75, 0x6F, 0x3B, 0x73, 0x63, 0x3B, 0x73, 0x63, 0x45, 0x3B, 0x73, 0x63, 0x61,
    0x70, 0x3B, 0x73, 0x63, 0x61, 0x72, 0x6F, 0x6E, 0x3B, 0x73, 0x63, 0x63, 0x75, 0x65, 0x3B, 0x73,
    0x63, 0x65, 0x3B, 0x73, 0x63, 0x65, 0x64, 0x69, 0x6C, 0x3B, 0x73, 0x63, 0x69, 0x72, 0x63, 0x3B,
    0x73, 0x63, 0x6E, 0x45, 0x3B, 0x73, 0x63, 0x6E, 0x61, 0x70, 0x3B, 0x73, 0x63, 0x6E, 0x73, 0x69,
    0x6D, 0x3B, 0x73, 0x63, 0x70, 0x6F, 0x6C, 0x69, 0x6E, 0x74, 0x3B, 0x73, 0x63, 0x73, 0x69, 0x6D,
    0x3B, 0x73, 0x63, 0x79, 0x3B, 0x73, 0x64, 0x6F, 0x74, 0x3B, 0x73, 0x64, 0x6F, 0x74, 0x62, 0x3B,
    0x73, 0x64, 0x6F, 0x74, 0x65, 0x3B, 0x73, 0x65, 0x41, 0x72, 0x72, 0x3B, 0x73, 0x65, 0x61, 0x72,
    0x68, 0x6B, 0x3B, 0x73, 0x65, 0x61, 0x72, 0x72, 0x3B, 0x73, 0x65, 0x61, 0x72, 0x72, 0x6F, 0x77,
    0x3B, 0x73, 0x65, 0x63, 0x74, 0x73, 0x65, 0x63, 0x74, 0x3B, 0x73, 0x65, 0x6D, 0x69, 0x3B, 0x73,
    0x65, 0x73, 0x77, 0x61, 0x72, 0x3B, 0x73, 0x65, 0x74, 0x6D, 0x69, 0x6E, 0x75, 0x73, 0x3B, 0x73,
    0x65, 0x74, 0x6D, 0x6E, 0x3B, 0x73, 0x65, 0x78, 0x74, 0x3B, 0x73, 0x66, 0x72, 0x3B, 0x73, 0x66,
    0x72, 0x6F, 0x77, 0x6E, 0x3B, 0x73, 0x68, 0x61, 0x72, 0x70, 0x3B, 0x73, 0x68, 0x63, 0x68, 0x63,
    0x79, 0x3B, 0x73, 0x68, 0x63, 0x79, 0x3B, 0x73, 0x68, 0x6F, 0x72, 0x74, 0x6D, 0x69, 0x64, 0x3B,
    0x73, 0x68, 0x6F, 0x72, 0x74, 0x70, 0x61, 0x72, 0x61, 0x6C, 0x6C, 0x65, 0x6C, 0x3B, 0x73, 0x68,
    0x79, 0x73, 0x68, 0x79, 0x3B, 0x73, 0x69, 0x67, 0x6D, 0x61, 0x3B, 0x73, 0x69, 0x67, 0x6D, 0x61,
    0x66, 0x3B, 0x73, 0x69, 0x67, 0x6D, 0x61, 0x76, 0x3B, 0x73, 0x69, 0x6D, 0x3B, 0x73, 0x69, 0x6D,
    0x64, 0x6F, 0x74, 0x3B, 0x73, 0x69, 0x6D, 0x65, 0x3B, 0x73, 0x69, 0x6D, 0x65, 0x71, 0x3B, 0x73,
    0x69, 0x6D, 0x67, 0x3B, 0x73, 0x69, 0x6D, 0x67, 0x45, 0x3B, 0x73, 0x69, 0x6D, 0x6C, 0x3B, 0x73,
    0x69, 0x6D, 0x6C, 0x45, 0x3B, 0x73, 0x69, 0x6D, 0x6E, 0x65, 0x3B, 0x73, 0x69, 0x6D, 0x70, 0x6C,
    0x75, 0x73, 0x3B, 0x73, 0x69, 0x6D, 0x72, 0x61, 0x72, 0x72, 0x3B, 0x73, 0x6C, 0x61, 0x72, 0x72,
    0x3B, 0x73, 0x6D, 0x61, 0x6C, 0x6C, 0x73, 0x65, 0x74, 0x6D, 0x69, 0x6E, 0x75, 0x73, 0x3B, 0x73,
    0x6D, 0x61, 0x73, 0x68, 0x70, 0x3B, 0x73, 0x6D, 0x65, 0x70, 0x61, 0x72, 0x73, 0x6C, 0x3B, 0x73,
    0x6D, 0x69, 0x64, 0x3B, 0x73, 0x6D, 0x69, 0x6C, 0x65, 0x3B, 0x73, 0x6D, 0x74, 0x3B, 0x73, 0x6D,
    0x74, 0x65, 0x3B, 0x73, 0x6D, 0x74, 0x65, 0x73, 0x3B, 0x73, 0x6F, 0x66, 0x74, 0x63, 0x79, 0x3B,
    0x73, 0x6F, 0x6C, 0x3B, 0x73, 0x6F, 0x6C, 0x62, 0x3B, 0x73, 0x6F, 0x6C, 0x62, 0x61, 0x72, 0x3B,
    0x73, 0x6F, 0x70, 0x66, 0x3B, 0x73, 0x70, 0x61, 0x64, 0x65, 0x73, 0x3B, 0x73, 0x70, 0x61, 0x64,
    0x65, 0x73, 0x75, 0x69, 0x74, 0x3B, 0x73, 0x70, 0x61, 0x72, 0x3B, 0x73, 0x71, 0x63, 0x61, 0x70,
    0x3B, 0x73, 0x71, 0x63, 0x61, 0x70, 0x73, 0x3B, 0x73, 0x71, 0x63, 0x75, 0x70, 0x3B, 0x73, 0x71,
    0x63, 0x75, 0x70, 0x73, 0x3B, 0x73, 0x71, 0x73, 0x75, 0x62, 0x3B, 0x73, 0x71, 0x73, 0x75, 0x62,
    0x65, 0x3B, 0x73, 0x71, 0x73, 0x75, 0x62, 0x73, 0x65, 0x74, 0x3B, 0x73, 0x71, 0x73, 0x75, 0x62,
    0x73, 0x65, 0x74, 0x65, 0x71, 0x3B, 0x73, 0x71, 0x73, 0x75, 0x70, 0x3B, 0x73, 0x71, 0x73, 0x75,
    0x70, 0x65, 0x3B, 0x73, 0x71, 0x73, 0x75, 0x70, 0x73, 0x65, 0x74, 0x3B, 0x73, 0x71, 0x73, 0x75,
    0x70, 0x73, 0x65, 0x74, 0x65, 0x71, 0x3B, 0x73, 0x71, 0x75, 0x3B, 0x73, 0x71, 0x75, 0x61, 0x72,
    0x65, 0x3B, 0x73, 0x71, 0x75, 0x61, 0x72, 0x66, 0x3B, 0x73, 0x71, 0x75, 0x66, 0x3B, 0x73, 0x72,
    0x61, 0x72, 0x72, 0x3B, 0x73, 0x73, 0x63, 0x72, 0x3B, 0x73, 0x73, 0x65, 0x74, 0x6D, 0x6E, 0x3B,
    0x73, 0x73, 0x6D, 0x69, 0x6C, 0x65, 0x3B, 0x73, 0x73, 0x74, 0x61, 0x72, 0x66, 0x3B, 0x73, 0x74,
    0x61, 0x72, 0x3B, 0x73, 0x74, 0x61, 0x72, 0x66, 0x3B, 0x73, 0x74, 0x72, 0x61, 0x69, 0x67, 0x68,
    0x74, 0x65, 0x70, 0x73, 0x69, 0x6C, 0x6F, 0x6E, 0x3B, 0x73, 0x74, 0x72, 0x61, 0x69, 0x67, 0x68,
    0x74, 0x70, 0x68, 0x69, 0x3B, 0x73, 0x74, 0x72, 0x6E, 0x73, 0x3B, 0x73, 0x75, 0x62, 0x3B, 0x73,
    0x75, 0x62, 0x45, 0x3B, 0x73, 0x75, 0x62, 0x64, 0x6F, 0x74, 0x3B, 0x73, 0x75, 0x62, 0x65, 0x3B,
    0x73, 0x75, 0x62, 0x65, 0x64, 0x6F, 0x74, 0x3B, 0x73, 0x75, 0x62, 0x6D, 0x75, 0x6C, 0x74, 0x3B,
    0x73, 0x75, 0x62, 0x6E, 0x45, 0x3B, 0x73, 0x75, 0x62, 0x6E, 0x65, 0x3B, 0x73, 0x75, 0x62, 0x70,
    0x6C, 0x75, 0x73, 0x3B, 0x73, 0x75, 0x62, 0x72, 0x61, 0x72, 0x72, 0x3B, 0x73, 0x75, 0x62, 0x73,
    0x65, 0x74, 0x3B, 0x73, 0x75, 0x62, 0x73, 0x65, 0x74, 0x65, 0x71, 0x3B, 0x73, 0x75, 0x62, 0x73,
    0x65, 0x74, 0x65, 0x71, 0x71, 0x3B, 0x73, 0x75, 0x62, 0x73, 0x65, 0x74, 0x6E, 0x65, 0x71, 0x3B,
    0x73, 0x75, 0x62, 0x73, 0x65, 0x74, 0x6E, 0x65, 0x71, 0x71, 0x3B, 0x73, 0x75, 0x62, 0x73, 0x69,
    0x6D, 0x3B, 0x73, 0x75, 0x62, 0x73, 0x75, 0x62, 0x3B, 0x73, 0x75, 0x62, 0x73, 0x75, 0x70, 0x3B,
    0x73, 0x75, 0x63, 0x63, 0x3B, 0x73, 0x75, 0x63, 0x63, 0x61, 0x70, 0x70, 0x72, 0x6F, 0x78, 0x3B,
    0x73, 0x75, 0x63, 0x63, 0x63, 0x75, 0x72, 0x6C, 0x79, 0x65, 0x71, 0x3B, 0x73, 0x75, 0x63, 0x63,
    0x65, 0x71, 0x3B, 0x73, 0x75, 0x63, 0x63, 0x6E, 0x61, 0x70, 0x70, 0x72, 0x6F, 0x78, 0x3B, 0x73,
    0x75, 0x63, 0x63, 0x6E, 0x65, 0x71, 0x71, 0x3B, 0x73, 0x75, 0x63, 0x63, 0x6E, 0x73, 0x69, 0x6D,
    0x3B, 0x73, 0x75, 0x63, 0x63, 0x73, 0x69, 0x6D, 0x3B, 0x73, 0x75, 0x6D, 0x3B, 0x73, 0x75, 0x6E,
    0x67, 0x3B, 0x73, 0x75, 0x70, 0x31, 0x73, 0x75, 0x70, 0x31, 0x3B, 0x73, 0x75, 0x70, 0x32, 0x73,
    0x75, 0x70, 0x32, 0x3B, 0x73, 0x75, 0x70, 0x33, 0x73, 0x75, 0x70, 0x33, 0x3B, 0x73, 0x75, 0x70,
    0x3B, 0x73, 0x75, 0x70, 0x45, 0x3B, 0x73, 0x75, 0x70, 0x64, 0x6F, 0x74, 0x3B, 0x73, 0x75, 0x70,
    0x64, 0x73, 0x75, 0x62, 0x3B, 0x73, 0x75, 0x70, 0x65, 0x3B, 0x73, 0x75, 0x70, 0x65, 0x64, 0x6F,
    0x74, 0x3B, 0x73, 0x75, 0x70, 0x68, 0x73, 0x6F, 0x6C, 0x3B, 0x73, 0x75, 0x70, 0x68, 0x73, 0x75,
    0x62, 0x3B, 0x73, 0x75, 0x70, 0x6C, 0x61, 0x72, 0x72, 0x3B, 0x73, 0x75, 0x70, 0x6D, 0x75, 0x6C,
    0x74, 0x3B, 0x73, 0x75, 0x70, 0x6E, 0x45, 0x3B, 0x73, 0x75, 0x70, 0x6E, 0x65, 0x3B, 0x73, 0x75,
    0x70, 0x70, 0x6C, 0x75, 0x73, 0x3B, 0x73, 0x75, 0x70, 0x73, 0x65, 0x74, 0x3B, 0x73, 0x75, 0x70,
    0x73, 0x65, 0x74, 0x65, 0x71, 0x3B, 0x73, 0x75, 0x70, 0x73, 0x65, 0x74, 0x65, 0x71, 0x71, 0x3B,
    0x73, 0x75, 0x70, 0x73, 0x65, 0x74, 0x6E, 0x65, 0x71, 0x3B, 0x73, 0x75, 0x70, 0x73, 0x65, 0x74,
    0x6E, 0x65, 0x71, 0x71, 0x3B, 0x73, 0x75, 0x70, 0x73, 0x69, 0x6D, 0x3B, 0x73, 0x75, 0x70, 0x73,
    0x75, 0x62, 0x3B, 0x73, 0x75, 0x70, 0x73, 0x75, 0x70, 0x3B, 0x73, 0x77, 0x41, 0x72, 0x72, 0x3B,
    0x73, 0x77, 0x61, 0x72, 0x68, 0x6B, 0x3B, 0x73, 0x77, 0x61, 0x72, 0x72, 0x3B, 0x73, 0x77, 0x61,
    0x72, 0x72, 0x6F, 0x77, 0x3B, 0x73, 0x77, 0x6E, 0x77, 0x61, 0x72, 0x3B, 0x73, 0x7A, 0x6C, 0x69,
    0x67, 0x73, 0x7A, 0x6C, 0x69, 0x67, 0x3B, 0x74, 0x61, 0x72, 0x67, 0x65, 0x74, 0x3B, 0x74, 0x61,
    0x75, 0x3B, 0x74, 0x62, 0x72, 0x6B, 0x3B, 0x74, 0x63, 0x61, 0x72, 0x6F, 0x6E, 0x3B, 0x74, 0x63,
    0x65, 0x64, 0x69, 0x6C, 0x3B, 0x74, 0x63, 0x79, 0x3B, 0x74, 0x64, 0x6F, 0x74, 0x3B, 0x74, 0x65,
    0x6C, 0x72, 0x65, 0x63, 0x3B, 0x74, 0x66, 0x72, 0x3B, 0x74, 0x68, 0x65, 0x72, 0x65, 0x34, 0x3B,
    0x74, 0x68, 0x65, 0x72, 0x65, 0x66, 0x6F, 0x72, 0x65, 0x3B, 0x74, 0x68, 0x65, 0x74, 0x61, 0x3B,
    0x74, 0x68, 0x65, 0x74, 0x61, 0x73, 0x79, 0x6D, 0x3B, 0x74, 0x68, 0x65, 0x74, 0x61, 0x76, 0x3B,
    0x74, 0x68, 0x69, 0x63, 0x6B, 0x61, 0x70, 0x70, 0x72, 0x6F, 0x78, 0x3B, 0x74, 0x68, 0x69, 0x63,
    0x6B, 0x73, 0x69, 0x6D, 0x3B, 0x74, 0x68, 0x69, 0x6E, 0x73, 0x70, 0x3B, 0x74, 0x68, 0x6B, 0x61,
    0x70, 0x3B, 0x74, 0x68, 0x6B, 0x73, 0x69, 0x6D, 0x3B, 0x74, 0x68, 0x6F, 0x72, 0x6E, 0x74, 0x68,
    0x6F, 0x72, 0x6E, 0x3B, 0x74, 0x69, 0x6C, 0x64, 0x65, 0x3B, 0x74, 0x69, 0x6D, 0x65, 0x73, 0x74,
    0x69, 0x6D, 0x65, 0x73, 0x3B, 0x74, 0x69, 0x6D, 0x65, 0x73, 0x62, 0x3B, 0x74, 0x69, 0x6D, 0x65,
    0x73, 0x62, 0x61, 0x72, 0x3B, 0x74, 0x69, 0x6D, 0x65, 0x73, 0x64, 0x3B, 0x74, 0x69, 0x6E, 0x74,
    0x3B, 0x74, 0x6F, 0x65, 0x61, 0x3B, 0x74, 0x6F, 0x70, 0x3B, 0x74, 0x6F, 0x70, 0x62, 0x6F, 0x74,
    0x3B, 0x74, 0x6F, 0x70, 0x63, 0x69, 0x72, 0x3B, 0x74, 0x6F, 0x70, 0x66, 0x3B, 0x74, 0x6F, 0x70,
    0x66, 0x6F, 0x72, 0x6B, 0x3B, 0x74, 0x6F, 0x73, 0x61, 0x3B, 0x74, 0x70, 0x72, 0x69, 0x6D, 0x65,
    0x3B, 0x74, 0x72, 0x61, 0x64, 0x65, 0x3B, 0x74, 0x72, 0x69, 0x61, 0x6E, 0x67, 0x6C, 0x65, 0x3B,
    0x74, 0x72, 0x69, 0x61, 0x6E, 0x67, 0x6C, 0x65, 0x64, 0x6F, 0x77, 0x6E, 0x3B, 0x74, 0x72, 0x69,
    0x61, 0x6E, 0x67, 0x6C, 0x65, 0x6C, 0x65, 0x66, 0x74, 0x3B, 0x74, 0x72, 0x69, 0x61, 0x6E, 0x67,
    0x6C, 0x65, 0x6C, 0x65, 0x66, 0x74, 0x65, 0x71, 0x3B, 0x74, 0x72, 0x69, 0x61, 0x6E, 0x67, 0x6C,
    0x65, 0x71, 0x3B, 0x74, 0x72, 0x69, 0x61, 0x6E, 0x67, 0x6C, 0x65, 0x72, 0x69, 0x67, 0x68, 0x74,
    0x3B, 0x74, 0x72, 0x69, 0x61, 0x6E, 0x67, 0x6C, 0x65, 0x72, 0x69, 0x67, 0x68, 0x74, 0x65, 0x71,
    0x3B, 0x74, 0x72, 0x69, 0x64, 0x6F, 0x74, 0x3B, 0x74, 0x72, 0x69, 0x65, 0x3B, 0x74, 0x72, 0x69,
    0x6D, 0x69, 0x6E, 0x75, 0x73, 0x3B, 0x74, 0x72, 0x69, 0x70, 0x6C, 0x75, 0x73, 0x3B, 0x74, 0x72,
    0x69, 0x73, 0x62, 0x3B, 0x74, 0x72, 0x69, 0x74, 0x69, 0x6D, 0x65, 0x3B, 0x74, 0x72, 0x70, 0x65,
    0x7A, 0x69, 0x75, 0x6D, 0x3B, 0x74, 0x73, 0x63, 0x72, 0x3B, 0x74, 0x73, 0x63, 0x79, 0x3B, 0x74,
    0x73, 0x68, 0x63, 0x79, 0x3B, 0x74, 0x73, 0x74, 0x72, 0x6F, 0x6B, 0x3B, 0x74, 0x77, 0x69, 0x78,
    0x74, 0x3B, 0x74, 0x77, 0x6F, 0x68, 0x65, 0x61, 0x64, 0x6C, 0x65, 0x66, 0x74, 0x61, 0x72, 0x72,
    0x6F, 0x77, 0x3B, 0x74, 0x77, 0x6F, 0x68, 0x65, 0x61, 0x64, 0x72, 0x69, 0x67, 0x68, 0x74, 0x61,
    0x72, 0x72, 0x6F, 0x77, 0x3B, 0x75, 0x41, 0x72, 0x72, 0x3B, 0x75, 0x48, 0x61, 0x72, 0x3B, 0x75,
    0x61, 0x63, 0x75, 0x74, 0x65, 0x75, 0x61, 0x63, 0x75, 0x74, 0x65, 0x3B, 0x75, 0x61, 0x72, 0x72,
    0x3B, 0x75, 0x62, 0x72, 0x63, 0x79, 0x3B, 0x75, 0x62, 0x72, 0x65, 0x76, 0x65, 0x3B, 0x75, 0x63,
    0x69, 0x72, 0x63, 0x75, 0x63, 0x69, 0x72, 0x63, 0x3B, 0x75, 0x63, 0x79, 0x3B, 0x75, 0x64, 0x61,
    0x72, 0x72, 0x3B, 0x75, 0x64, 0x62, 0x6C, 0x61, 0x63, 0x3B, 0x75, 0x64, 0x68, 0x61, 0x72, 0x3B,
    0x75, 0x66, 0x69, 0x73, 0x68, 0x74, 0x3B, 0x75, 0x66, 0x72, 0x3B, 0x75, 0x67, 0x72, 0x61, 0x76,
    0x65, 0x75, 0x67, 0x72, 0x61, 0x76, 0x65, 0x3B, 0x75, 0x68, 0x61, 0x72, 0x6C, 0x3B, 0x75, 0x68,
    0x61, 0x72, 0x72, 0x3B, 0x75, 0x68, 0x62, 0x6C, 0x6B, 0x3B, 0x75, 0x6C, 0x63, 0x6F, 0x72, 0x6E,
    0x3B, 0x75, 0x6C, 0x63, 0x6F, 0x72, 0x6E, 0x65, 0x72, 0x3B, 0x75, 0x6C, 0x63, 0x72, 0x6F, 0x70,
    0x3B, 0x75, 0x6C, 0x74, 0x72, 0x69, 0x3B, 0x75, 0x6D, 0x61, 0x63, 0x72, 0x3B, 0x75, 0x6D, 0x6C,
    0x75, 0x6D, 0x6C, 0x3B, 0x75, 0x6F, 0x67, 0x6F, 0x6E, 0x3B, 0x75, 0x6F, 0x70, 0x66, 0x3B, 0x75,
    0x70, 0x61, 0x72, 0x72, 0x6F, 0x77, 0x3B, 0x75, 0x70, 0x64, 0x6F, 0x77, 0x6E, 0x61, 0x72, 0x72,
    0x6F, 0x77, 0x3B, 0x75, 0x70, 0x68, 0x61, 0x72, 0x70, 0x6F, 0x6F, 0x6E, 0x6C, 0x65, 0x66, 0x74,
    0x3B, 0x75, 0x70, 0x68, 0x61, 0x72, 0x70, 0x6F, 0x6F, 0x6E, 0x72, 0x69, 0x67, 0x68, 0x74, 0x3B,
    0x75, 0x70, 0x6C, 0x75, 0x73, 0x3B, 0x75, 0x70, 0x73, 0x69, 0x3B, 0x75, 0x70, 0x73, 0x69, 0x68,
    0x3B, 0x75, 0x70, 0x73, 0x69, 0x6C, 0x6F, 0x6E, 0x3B, 0x75, 0x70, 0x75, 0x70, 0x61, 0x72, 0x72,
    0x6F, 0x77, 0x73, 0x3B, 0x75, 0x72, 0x63, 0x6F, 0x72, 0x6E, 0x3B, 0x75, 0x72, 0x63, 0x6F, 0x72,
    0x6E, 0x65, 0x72, 0x3B, 0x75, 0x72, 0x63, 0x72, 0x6F, 0x70, 0x3B, 0x75, 0x72, 0x69, 0x6E, 0x67,
    0x3B, 0x75, 0x72, 0x74, 0x72, 0x69, 0x3B, 0x75, 0x73, 0x63, 0x72, 0x3B, 0x75, 0x74, 0x64, 0x6F,
    0x74, 0x3B, 0x75, 0x74, 0x69, 0x6C, 0x64, 0x65, 0x3B, 0x75, 0x74, 0x72, 0x69, 0x3B, 0x75, 0x74,
    0x72, 0x69, 0x66, 0x3B, 0x75, 0x75, 0x61, 0x72, 0x72, 0x3B, 0x75, 0x75, 0x6D, 0x6C, 0x75, 0x75,
    0x6D, 0x6C, 0x3B, 0x75, 0x77, 0x61, 0x6E, 0x67, 0x6C, 0x65, 0x3B, 0x76, 0x41, 0x72, 0x72, 0x3B,
    0x76, 0x42, 0x61, 0x72, 0x3B, 0x76, 0x42, 0x61, 0x72, 0x76, 0x3B, 0x76, 0x44, 0x61, 0x73, 0x68,
    0x3B, 0x76, 0x61, 0x6E, 0x67, 0x72, 0x74, 0x3B, 0x76, 0x61, 0x72, 0x65, 0x70, 0x73, 0x69, 0x6C,
    0x6F, 0x6E, 0x3B, 0x76, 0x61, 0x72, 0x6B, 0x61, 0x70, 0x70, 0x61, 0x3B, 0x76, 0x61, 0x72, 0x6E,
    0x6F, 0x74, 0x68, 0x69, 0x6E, 0x67, 0x3B, 0x76, 0x61, 0x72, 0x70, 0x68, 0x69, 0x3B, 0x76, 0x61,
    0x72, 0x70, 0x69, 0x3B, 0x76, 0x61, 0x72, 0x70, 0x72, 0x6F, 0x70, 0x74, 0x6F, 0x3B, 0x76, 0x61,
    0x72, 0x72, 0x3B, 0x76, 0x61, 0x72, 0x72, 0x68, 0x6F, 0x3B, 0x76, 0x61, 0x72, 0x73, 0x69, 0x67,
    0x6D, 0x61, 0x3B, 0x76, 0x61, 0x72, 0x73, 0x75, 0x62, 0x73, 0x65, 0x74, 0x6E, 0x65, 0x71, 0x3B,
    0x76, 0x61, 0x72, 0x73, 0x75, 0x62, 0x73, 0x65, 0x74, 0x6E, 0x65, 0x71, 0x71, 0x3B, 0x76, 0x61,
    0x72, 0x73, 0x75, 0x70, 0x73, 0x65, 0x74, 0x6E, 0x65, 0x71, 0x3B, 0x76, 0x61, 0x72, 0x73, 0x75,
    0x70, 0x73, 0x65, 0x74, 0x6E, 0x65, 0x71, 0x71, 0x3B, 0x76, 0x61, 0x72, 0x74, 0x68, 0x65, 0x74,
    0x61, 0x3B, 0x76, 0x61, 0x72, 0x74, 0x72, 0x69, 0x61, 0x6E, 0x67, 0x6C, 0x65, 0x6C, 0x65, 0x66,
    0x74, 0x3B, 0x76, 0x61, 0x72, 0x74, 0x72, 0x69, 0x61, 0x6E, 0x67, 0x6C, 0x65, 0x72, 0x69, 0x67,
    0x68, 0x74, 0x3B, 0x76, 0x63, 0x79, 0x3B, 0x76, 0x64, 0x61, 0x73, 0x68, 0x3B, 0x76, 0x65, 0x65,
    0x3B, 0x76, 0x65, 0x65, 0x62, 0x61, 0x72, 0x3B, 0x76, 0x65, 0x65, 0x65, 0x71, 0x3B, 0x76, 0x65,
    0x6C, 0x6C, 0x69, 0x70, 0x3B, 0x76, 0x65, 0x72, 0x62, 0x61, 0x72, 0x3B, 0x76, 0x65, 0x72, 0x74,
    0x3B, 0x76, 0x66, 0x72, 0x3B, 0x76, 0x6C, 0x74, 0x72, 0x69, 0x3B, 0x76, 0x6E, 0x73, 0x75, 0x62,
    0x3B, 0x76, 0x6E, 0x73, 0x75, 0x70, 0x3B, 0x76, 0x6F, 0x70, 0x66, 0x3B, 0x76, 0x70, 0x72, 0x6F,
    0x70, 0x3B, 0x76, 0x72, 0x74, 0x72, 0x69, 0x3B, 0x76, 0x73, 0x63, 0x72, 0x3B, 0x76, 0x73, 0x75,
    0x62, 0x6E, 0x45, 0x3B, 0x76, 0x73, 0x75, 0x62, 0x6E, 0x65, 0x3B, 0x76, 0x73, 0x75, 0x70, 0x6E,
    0x45, 0x3B, 0x76, 0x73, 0x75, 0x70, 0x6E, 0x65, 0x3B, 0x76, 0x7A, 0x69, 0x67, 0x7A, 0x61, 0x67,
    0x3B, 0x77, 0x63, 0x69, 0x72, 0x63, 0x3B, 0x77, 0x65, 0x64, 0x62, 0x61, 0x72, 0x3B, 0x77, 0x65,
    0x64, 0x67, 0x65, 0x3B, 0x77, 0x65, 0x64, 0x67, 0x65, 0x71, 0x3B, 0x77, 0x65, 0x69, 0x65, 0x72,
    0x70, 0x3B, 0x77, 0x66, 0x72, 0x3B, 0x77, 0x6F, 0x70, 0x66, 0x3B, 0x77, 0x70, 0x3B, 0x77, 0x72,
    0x3B, 0x77, 0x72, 0x65, 0x61, 0x74, 0x68, 0x3B, 0x77, 0x73, 0x63, 0x72, 0x3B, 0x78, 0x63, 0x61,
    0x70, 0x3B, 0x78, 0x63, 0x69, 0x72, 0x63, 0x3B, 0x78, 0x63, 0x75, 0x70, 0x3B, 0x78, 0x64, 0x74,
    0x72, 0x69, 0x3B, 0x78, 0x66, 0x72, 0x3B, 0x78, 0x68, 0x41, 0x72, 0x72, 0x3B, 0x78, 0x68, 0x61,
    0x72, 0x72, 0x3B, 0x78, 0x69, 0x3B, 0x78, 0x6C, 0x41, 0x72, 0x72, 0x3B, 0x78, 0x6C, 0x61, 0x72,
    0x72, 0x3B, 0x78, 0x6D, 0x61, 0x70, 0x3B, 0x78, 0x6E, 0x69, 0x73, 0x3B, 0x78, 0x6F, 0x64, 0x6F,
    0x74, 0x3B, 0x78, 0x6F, 0x70, 0x66, 0x3B, 0x78, 0x6F, 0x70, 0x6C, 0x75, 0x73, 0x3B, 0x78, 0x6F,
    0x74, 0x69, 0x6D, 0x65, 0x3B, 0x78, 0x72, 0x41, 0x72, 0x72, 0x3B, 0x78, 0x72, 0x61, 0x72, 0x72,
    0x3B, 0x78, 0x73, 0x63, 0x72, 0x3B, 0x78, 0x73, 0x71, 0x63, 0x75, 0x70, 0x3B, 0x78, 0x75, 0x70,
    0x6C, 0x75, 0x73, 0x3B, 0x78, 0x75, 0x74, 0x72, 0x69, 0x3B, 0x78, 0x76, 0x65, 0x65, 0x3B, 0x78,
    0x77, 0x65, 0x64, 0x67, 0x65, 0x3B, 0x79, 0x61, 0x63, 0x75, 0x74, 0x65, 0x79, 0x61, 0x63, 0x75,
    0x74, 0x65, 0x3B, 0x79, 0x61, 0x63, 0x79, 0x3B, 0x79, 0x63, 0x69, 0x72, 0x63, 0x3B, 0x79, 0x63,
    0x79, 0x3B, 0x79, 0x65, 0x6E, 0x79, 0x65, 0x6E, 0x3B, 0x79, 0x66, 0x72, 0x3B, 0x79, 0x69, 0x63,
    0x79, 0x3B, 0x79, 0x6F, 0x70, 0x66, 0x3B, 0x79, 0x73, 0x63, 0x72, 0x3B, 0x79, 0x75, 0x63, 0x79,
    0x3B, 0x79, 0x75, 0x6D, 0x6C, 0x79, 0x75, 0x6D, 0x6C, 0x3B, 0x7A, 0x61, 0x63, 0x75, 0x74, 0x65,
    0x3B, 0x7A, 0x63, 0x61, 0x72, 0x6F, 0x6E, 0x3B, 0x7A, 0x63, 0x79, 0x3B, 0x7A, 0x64, 0x6F, 0x74,
    0x3B, 0x7A, 0x65, 0x65, 0x74, 0x72, 0x66, 0x3B, 0x7A, 0x65, 0x74, 0x61, 0x3B, 0x7A, 0x66, 0x72,
    0x3B, 0x7A, 0x68, 0x63, 0x79, 0x3B, 0x7A, 0x69, 0x67, 0x72, 0x61, 0x72, 0x72, 0x3B, 0x7A, 0x6F,
    0x70, 0x66, 0x3B, 0x7A, 0x73, 0x63, 0x72, 0x3B, 0x7A, 0x77, 0x6A, 0x3B, 0x7A, 0x77, 0x6E, 0x6A,
    0x3B,
];

pub(super) static ENTITY_VALUES: [u8; 6420] = [
    0xC3, 0x86, 0xC3, 0x86, 0x26, 0x26, 0xC3, 0x81, 0xC3, 0x81, 0xC4, 0x82, 0xC3, 0x82, 0xC3, 0x82,
    0xD0, 0x90, 0xF0, 0x9D, 0x94, 0x84, 0xC3, 0x80, 0xC3, 0x80, 0xCE, 0x91, 0xC4, 0x80, 0xE2, 0xA9,
    0x93, 0xC4, 0x84, 0xF0, 0x9D, 0x94, 0xB8, 0xE2, 0x81, 0xA1, 0xC3, 0x85, 0xC3, 0x85, 0xF0, 0x9D,
    0x92, 0x9C, 0xE2, 0x89, 0x94, 0xC3, 0x83, 0xC3, 0x83, 0xC3, 0x84, 0xC3, 0x84, 0xE2, 0x88, 0x96,
    0xE2, 0xAB, 0xA7, 0xE2, 0x8C, 0x86, 0xD0, 0x91, 0xE2, 0x88, 0xB5, 0xE2, 0x84, 0xAC, 0xCE, 0x92,
    0xF0, 0x9D, 0x94, 0x85, 0xF0, 0x9D, 0x94, 0xB9, 0xCB, 0x98, 0xE2, 0x84, 0xAC, 0xE2, 0x89, 0x8E,
    0xD0, 0xA7, 0xC2, 0xA9, 0xC2, 0xA9, 0xC4, 0x86, 0xE2, 0x8B, 0x92, 0xE2, 0x85, 0x85, 0xE2, 0x84,
    0xAD, 0xC4, 0x8C, 0xC3, 0x87, 0xC3, 0x87, 0xC4, 0x88, 0xE2, 0x88, 0xB0, 0xC4, 0x8A, 0xC2, 0xB8,
    0xC2, 0xB7, 0xE2, 0x84, 0xAD, 0xCE, 0xA7, 0xE2, 0x8A, 0x99, 0xE2, 0x8A, 0x96, 0xE2, 0x8A, 0x95,
    0xE2, 0x8A, 0x97, 0xE2, 0x88, 0xB2, 0xE2, 0x80, 0x9D, 0xE2, 0x80, 0x99, 0xE2, 0x88, 0xB7, 0xE2,
    0xA9, 0xB4, 0xE2, 0x89, 0xA1, 0xE2, 0x88, 0xAF, 0xE2, 0x88, 0xAE, 0xE2, 0x84, 0x82, 0xE2, 0x88,
    0x90, 0xE2, 0x88, 0xB3, 0xE2, 0xA8, 0xAF, 0xF0, 0x9D, 0x92, 0x9E, 0xE2, 0x8B, 0x93, 0xE2, 0x89,
    0x8D, 0xE2, 0x85, 0x85, 0xE2, 0xA4, 0x91, 0xD0, 0x82, 0xD0, 0x85, 0xD0, 0x8F, 0xE2, 0x80, 0xA1,
    0xE2, 0x86, 0xA1, 0xE2, 0xAB, 0xA4, 0xC4, 0x8E, 0xD0, 0x94, 0xE2, 0x88, 0x87, 0xCE, 0x94, 0xF0,
    0x9D, 0x94, 0x87, 0xC2, 0xB4, 0xCB, 0x99, 0xCB, 0x9D, 0x60, 0xCB, 0x9C, 0xE2, 0x8B, 0x84, 0xE2,
    0x85, 0x86, 0xF0, 0x9D, 0x94, 0xBB, 0xC2, 0xA8, 0xE2, 0x83, 0x9C, 0xE2, 0x89, 0x90, 0xE2, 0x88,
    0xAF, 0xC2, 0xA8, 0xE2, 0x87, 0x93, 0xE2, 0x87, 0x90, 0xE2, 0x87, 0x94, 0xE2, 0xAB, 0xA4, 0xE2,
    0x9F, 0xB8, 0xE2, 0x9F, 0xBA, 0xE2, 0x9F, 0xB9, 0xE2, 0x87, 0x92, 0xE2, 0x8A, 0xA8, 0xE2, 0x87,
    0x91, 0xE2, 0x87, 0x95, 0xE2, 0x88, 0xA5, 0xE2, 0x86, 0x93, 0xE2, 0xA4, 0x93, 0xE2, 0x87, 0xB5,
    0xCC, 0x91, 0xE2, 0xA5, 0x90, 0xE2, 0xA5, 0x9E, 0xE2, 0x86, 0xBD, 0xE2, 0xA5, 0x96, 0xE2, 0xA5,
    0x9F, 0xE2, 0x87, 0x81, 0xE2, 0xA5, 0x97, 0xE2, 0x8A, 0xA4, 0xE2, 0x86, 0xA7, 0xE2, 0x87, 0x93,
    0xF0, 0x9D, 0x92, 0x9F, 0xC4, 0x90, 0xC5, 0x8A, 0xC3, 0x90, 0xC3, 0x90, 0xC3, 0x89, 0xC3, 0x89,
    0xC4, 0x9A, 0xC3, 0x8A, 0xC3, 0x8A, 0xD0, 0xAD, 0xC4, 0x96, 0xF0, 0x9D, 0x94, 0x88, 0xC3, 0x88,
    0xC3, 0x88, 0xE2, 0x88, 0x88, 0xC4, 0x92, 0xE2, 0x97, 0xBB, 0xE2, 0x96, 0xAB, 0xC4, 0x98, 0xF0,
    0x9D, 0x94, 0xBC, 0xCE, 0x95, 0xE2, 0xA9, 0xB5, 0xE2, 0x89, 0x82, 0xE2, 0x87, 0x8C, 0xE2, 0x84,
    0xB0, 0xE2, 0xA9, 0xB3, 0xCE, 0x97, 0xC3, 0x8B, 0xC3, 0x8B, 0xE2, 0x88, 0x83, 0xE2, 0x85, 0x87,
    0xD0, 0xA4, 0xF0, 0x9D, 0x94, 0x89, 0xE2, 0x97, 0xBC, 0xE2, 0x96, 0xAA, 0xF0, 0x9D, 0x94, 0xBD,
    0xE2, 0x88, 0x80, 0xE2, 0x84, 0xB1, 0xE2, 0x84, 0xB1, 0xD0, 0x83, 0x3E, 0x3E, 0xCE, 0x93, 0xCF,
    0x9C, 0xC4, 0x9E, 0xC4, 0xA2, 0xC4, 0x9C, 0xD0, 0x93, 0xC4, 0xA0, 0xF0, 0x9D, 0x94, 0x8A, 0xE2,
    0x8B, 0x99, 0xF0, 0x9D, 0x94, 0xBE, 0xE2, 0x89, 0xA5, 0xE2, 0x8B, 0x9B, 0xE2, 0x89, 0xA7, 0xE2,
    0xAA, 0xA2, 0xE2, 0x89, 0xB7, 0xE2, 0xA9, 0xBE, 0xE2, 0x89, 0xB3, 0xF0, 0x9D, 0x92, 0xA2, 0xE2,
    0x89, 0xAB, 0xD0, 0xAA, 0xCB, 0x87, 0x5E, 0xC4, 0xA4, 0xE2, 0x84, 0x8C, 0xE2, 0x84, 0x8B, 0xE2,
    0x84, 0x8D, 0xE2, 0x94, 0x80, 0xE2, 0x84, 0x8B, 0xC4, 0xA6, 0xE2, 0x89, 0x8E, 0xE2, 0x89, 0x8F,
    0xD0, 0x95, 0xC4, 0xB2, 0xD0, 0x81, 0xC3, 0x8D, 0xC3, 0x8D, 0xC3, 0x8E, 0xC3, 0x8E, 0xD0, 0x98,
    0xC4, 0xB0, 0xE2, 0x84, 0x91, 0xC3, 0x8C, 0xC3, 0x8C, 0xE2, 0x84, 0x91, 0xC4, 0xAA, 0xE2, 0x85,
    0x88, 0xE2, 0x87, 0x92, 0xE2, 0x88, 0xAC, 0xE2, 0x88, 0xAB, 0xE2, 0x8B, 0x82, 0xE2, 0x81, 0xA3,
    0xE2, 0x81, 0xA2, 0xC4, 0xAE, 0xF0, 0x9D, 0x95, 0x80, 0xCE, 0x99, 0xE2, 0x84, 0x90, 0xC4, 0xA8,
    0xD0, 0x86, 0xC3, 0x8F, 0xC3, 0x8F, 0xC4, 0xB4, 0xD0, 0x99, 0xF0, 0x9D, 0x94, 0x8D, 0xF0, 0x9D,
    0x95, 0x81, 0xF0, 0x9D, 0x92, 0xA5, 0xD0, 0x88, 0xD0, 0x84, 0xD0, 0xA5, 0xD0, 0x8C, 0xCE, 0x9A,
    0xC4, 0xB6, 0xD0, 0x9A, 0xF0, 0x9D, 0x94, 0x8E, 0xF0, 0x9D, 0x95, 0x82, 0xF0, 0x9D, 0x92, 0xA6,
    0xD0, 0x89, 0x3C, 0x3C, 0xC4, 0xB9, 0xCE, 0x9B, 0xE2, 0x9F, 0xAA, 0xE2, 0x84, 0x92, 0xE2, 0x86,
    0x9E, 0xC4, 0xBD, 0xC4, 0xBB, 0xD0, 0x9B, 0xE2, 0x9F, 0xA8, 0xE2, 0x86, 0x90, 0xE2, 0x87, 0xA4,
    0xE2, 0x87, 0x86, 0xE2, 0x8C, 0x88, 0xE2, 0x9F, 0xA6, 0xE2, 0xA5, 0xA1, 0xE2, 0x87, 0x83, 0xE2,
    0xA5, 0x99, 0xE2, 0x8C, 0x8A, 0xE2, 0x86, 0x94, 0xE2, 0xA5, 0x8E, 0xE2, 0x8A, 0xA3, 0xE2, 0x86,
    0xA4, 0xE2, 0xA5, 0x9A, 0xE2, 0x8A, 0xB2, 0xE2, 0xA7, 0x8F, 0xE2, 0x8A, 0xB4, 0xE2, 0xA5, 0x91,
    0xE2, 0xA5, 0xA0, 0xE2, 0x86, 0xBF, 0xE2, 0xA5, 0x98, 0xE2, 0x86, 0xBC, 0xE2, 0xA5, 0x92, 0xE2,
    0x87, 0x90, 0xE2, 0x87, 0x94, 0xE2, 0x8B, 0x9A, 0xE2, 0x89, 0xA6, 0xE2, 0x89, 0xB6, 0xE2, 0xAA,
    0xA1, 0xE2, 0xA9, 0xBD, 0xE2, 0x89, 0xB2, 0xF0, 0x9D, 0x94, 0x8F, 0xE2, 0x8B, 0x98, 0xE2, 0x87,
    0x9A, 0xC4, 0xBF, 0xE2, 0x9F, 0xB5, 0xE2, 0x9F, 0xB7, 0xE2, 0x9F, 0xB6, 0xE2, 0x9F, 0xB8, 0xE2,
    0x9F, 0xBA, 0xE2, 0x9F, 0xB9, 0xF0, 0x9D, 0x95, 0x83, 0xE2, 0x86, 0x99, 0xE2, 0x86, 0x98, 0xE2,
    0x84, 0x92, 0xE2, 0x86, 0xB0, 0xC5, 0x81, 0xE2, 0x89, 0xAA, 0xE2, 0xA4, 0x85, 0xD0, 0x9C, 0xE2,
    0x81, 0x9F, 0xE2, 0x84, 0xB3, 0xF0, 0x9D, 0x94, 0x90, 0xE2, 0x88, 0x93, 0xF0, 0x9D, 0x95, 0x84,
    0xE2, 0x84, 0xB3, 0xCE, 0x9C, 0xD0, 0x8A, 0xC5, 0x83, 0xC5, 0x87, 0xC5, 0x85, 0xD0, 0x9D, 0xE2,
    0x80, 0x8B, 0xE2, 0x80, 0x8B, 0xE2, 0x80, 0x8B, 0xE2, 0x80, 0x8B, 0xE2, 0x89, 0xAB, 0xE2, 0x89,
    0xAA, 0x0A, 0xF0, 0x9D, 0x94, 0x91, 0xE2, 0x81, 0xA0, 0xC2, 0xA0, 0xE2, 0x84, 0x95, 0xE2, 0xAB,
    0xAC, 0xE2, 0x89, 0xA2, 0xE2, 0x89, 0xAD, 0xE2, 0x88, 0xA6, 0xE2, 0x88, 0x89, 0xE2, 0x89, 0xA0,
    0xE2, 0x89, 0x82, 0xCC, 0xB8, 0xE2, 0x88, 0x84, 0xE2, 0x89, 0xAF, 0xE2, 0x89, 0xB1, 0xE2, 0x89,
    0xA7, 0xCC, 0xB8, 0xE2, 0x89, 0xAB, 0xCC, 0xB8, 0xE2, 0x89, 0xB9, 0xE2, 0xA9, 0xBE, 0xCC, 0xB8,
    0xE2, 0x89, 0xB5, 0xE2, 0x89, 0x8E, 0xCC, 0xB8, 0xE2, 0x89, 0x8F, 0xCC, 0xB8, 0xE2, 0x8B, 0xAA,
    0xE2, 0xA7, 0x8F, 0xCC, 0xB8, 0xE2, 0x8B, 0xAC, 0xE2, 0x89, 0xAE, 0xE2, 0x89, 0xB0, 0xE2, 0x89,
    0xB8, 0xE2, 0x89, 0xAA, 0xCC, 0xB8, 0xE2, 0xA9, 0xBD, 0xCC, 0xB8, 0xE2, 0x89, 0xB4, 0xE2, 0xAA,
    0xA2, 0xCC, 0xB8, 0xE2, 0xAA, 0xA1, 0xCC, 0xB8, 0xE2, 0x8A, 0x80, 0xE2, 0xAA, 0xAF, 0xCC, 0xB8,
    0xE2, 0x8B, 0xA0, 0xE2, 0x88, 0x8C, 0xE2, 0x8B, 0xAB, 0xE2, 0xA7, 0x90, 0xCC, 0xB8, 0xE2, 0x8B,
    0xAD, 0xE2, 0x8A, 0x8F, 0xCC, 0xB8, 0xE2, 0x8B, 0xA2, 0xE2, 0x8A, 0x90, 0xCC, 0xB8, 0xE2, 0x8B,
    0xA3, 0xE2, 0x8A, 0x82, 0xE2, 0x83, 0x92, 0xE2, 0x8A, 0x88, 0xE2, 0x8A, 0x81, 0xE2, 0xAA, 0xB0,
    0xCC, 0xB8, 0xE2, 0x8B, 0xA1, 0xE2, 0x89, 0xBF, 0xCC, 0xB8, 0xE2, 0x8A, 0x83, 0xE2, 0x83, 0x92,
    0xE2, 0x8A, 0x89, 0xE2, 0x89, 0x81, 0xE2, 0x89, 0x84, 0xE2, 0x89, 0x87, 0xE2, 0x89, 0x89, 0xE2,
    0x88, 0xA4, 0xF0, 0x9D, 0x92, 0xA9, 0xC3, 0x91, 0xC3, 0x91, 0xCE, 0x9D, 0xC5, 0x92, 0xC3, 0x93,
    0xC3, 0x93, 0xC3, 0x94, 0xC3, 0x94, 0xD0, 0x9E, 0xC5, 0x90, 0xF0, 0x9D, 0x94, 0x92, 0xC3, 0x92,
    0xC3, 0x92, 0xC5, 0x8C, 0xCE, 0xA9, 0xCE, 0x9F, 0xF0, 0x9D, 0x95, 0x86, 0xE2, 0x80, 0x9C, 0xE2,
    0x80, 0x98, 0xE2, 0xA9, 0x94, 0xF0, 0x9D, 0x92, 0xAA, 0xC3, 0x98, 0xC3, 0x98, 0xC3, 0x95, 0xC3,
    0x95, 0xE2, 0xA8, 0xB7, 0xC3, 0x96, 0xC3, 0x96, 0xE2, 0x80, 0xBE, 0xE2, 0x8F, 0x9E, 0xE2, 0x8E,
    0xB4, 0xE2, 0x8F, 0x9C, 0xE2, 0x88, 0x82, 0xD0, 0x9F, 0xF0, 0x9D, 0x94, 0x93, 0xCE, 0xA6, 0xCE,
    0xA0, 0xC2, 0xB1, 0xE2, 0x84, 0x8C, 0xE2, 0x84, 0x99, 0xE2, 0xAA, 0xBB, 0xE2, 0x89, 0xBA, 0xE2,
    0xAA, 0xAF, 0xE2, 0x89, 0xBC, 0xE2, 0x89, 0xBE, 0xE2, 0x80, 0xB3, 0xE2, 0x88, 0x8F, 0xE2, 0x88,
    0xB7, 0xE2, 0x88, 0x9D, 0xF0, 0x9D, 0x92, 0xAB, 0xCE, 0xA8, 0x22, 0x22, 0xF0, 0x9D, 0x94, 0x94,
    0xE2, 0x84, 0x9A, 0xF0, 0x9D, 0x92, 0xAC, 0xE2, 0xA4, 0x90, 0xC2, 0xAE, 0xC2, 0xAE, 0xC5, 0x94,
    0xE2, 0x9F, 0xAB, 0xE2, 0x86, 0xA0, 0xE2, 0xA4, 0x96, 0xC5, 0x98, 0xC5, 0x96, 0xD0, 0xA0, 0xE2,
    0x84, 0x9C, 0xE2, 0x88, 0x8B, 0xE2, 0x87, 0x8B, 0xE2, 0xA5, 0xAF, 0xE2, 0x84, 0x9C, 0xCE, 0xA1,
    0xE2, 0x9F, 0xA9, 0xE2, 0x86, 0x92, 0xE2, 0x87, 0xA5, 0xE2, 0x87, 0x84, 0xE2, 0x8C, 0x89, 0xE2,
    0x9F, 0xA7, 0xE2, 0xA5, 0x9D, 0xE2, 0x87, 0x82, 0xE2, 0xA5, 0x95, 0xE2, 0x8C, 0x8B, 0xE2, 0x8A,
    0xA2, 0xE2, 0x86, 0xA6, 0xE2, 0xA5, 0x9B, 0xE2, 0x8A, 0xB3, 0xE2, 0xA7, 0x90, 0xE2, 0x8A, 0xB5,
    0xE2, 0xA5, 0x8F, 0xE2, 0xA5, 0x9C, 0xE2, 0x86, 0xBE, 0xE2, 0xA5, 0x94, 0xE2, 0x87, 0x80, 0xE2,
    0xA5, 0x93, 0xE2, 0x87, 0x92, 0xE2, 0x84, 0x9D, 0xE2, 0xA5, 0xB0, 0xE2, 0x87, 0x9B, 0xE2, 0x84,
    0x9B, 0xE2, 0x86, 0xB1, 0xE2, 0xA7, 0xB4, 0xD0, 0xA9, 0xD0, 0xA8, 0xD0, 0xAC, 0xC5, 0x9A, 0xE2,
    0xAA, 0xBC, 0xC5, 0xA0, 0xC5, 0x9E, 0xC5, 0x9C, 0xD0, 0xA1, 0xF0, 0x9D, 0x94, 0x96, 0xE2, 0x86,
    0x93, 0xE2, 0x86, 0x90, 0xE2, 0x86, 0x92, 0xE2, 0x86, 0x91, 0xCE, 0xA3, 0xE2, 0x88, 0x98, 0xF0,
    0x9D, 0x95, 0x8A, 0xE2, 0x88, 0x9A, 0xE2, 0x96, 0xA1, 0xE2, 0x8A, 0x93, 0xE2, 0x8A, 0x8F, 0xE2,
    0x8A, 0x91, 0xE2, 0x8A, 0x90, 0xE2, 0x8A, 0x92, 0xE2, 0x8A, 0x94, 0xF0, 0x9D, 0x92, 0xAE, 0xE2,
    0x8B, 0x86, 0xE2, 0x8B, 0x90, 0xE2, 0x8B, 0x90, 0xE2, 0x8A, 0x86, 0xE2, 0x89, 0xBB, 0xE2, 0xAA,
    0xB0, 0xE2, 0x89, 0xBD, 0xE2, 0x89, 0xBF, 0xE2, 0x88, 0x8B, 0xE2, 0x88, 0x91, 0xE2, 0x8B, 0x91,
    0xE2, 0x8A, 0x83, 0xE2, 0x8A, 0x87, 0xE2, 0x8B, 0x91, 0xC3, 0x9E, 0xC3, 0x9E, 0xE2, 0x84, 0xA2,
    0xD0, 0x8B, 0xD0, 0xA6, 0x09, 0xCE, 0xA4, 0xC5, 0xA4, 0xC5, 0xA2, 0xD0, 0xA2, 0xF0, 0x9D, 0x94,
    0x97, 0xE2, 0x88, 0xB4, 0xCE, 0x98, 0xE2, 0x81, 0x9F, 0xE2, 0x80, 0x8A, 0xE2, 0x80, 0x89, 0xE2,
    0x88, 0xBC, 0xE2, 0x89, 0x83, 0xE2, 0x89, 0x85, 0xE2, 0x89, 0x88, 0xF0, 0x9D, 0x95, 0x8B, 0xE2,
    0x83, 0x9B, 0xF0, 0x9D, 0x92, 0xAF, 0xC5, 0xA6, 0xC3, 0x9A, 0xC3, 0x9A, 0xE2, 0x86, 0x9F, 0xE2,
    0xA5, 0x89, 0xD0, 0x8E, 0xC5, 0xAC, 0xC3, 0x9B, 0xC3, 0x9B, 0xD0, 0xA3, 0xC5, 0xB0, 0xF0, 0x9D,
    0x94, 0x98, 0xC3, 0x99, 0xC3, 0x99, 0xC5, 0xAA, 0x5F, 0xE2, 0x8F, 0x9F, 0xE2, 0x8E, 0xB5, 0xE2,
    0x8F, 0x9D, 0xE2, 0x8B, 0x83, 0xE2, 0x8A, 0x8E, 0xC5, 0xB2, 0xF0, 0x9D, 0x95, 0x8C, 0xE2, 0x86,
    0x91, 0xE2, 0xA4, 0x92, 0xE2, 0x87, 0x85, 0xE2, 0x86, 0x95, 0xE2, 0xA5, 0xAE, 0xE2, 0x8A, 0xA5,
    0xE2, 0x86, 0xA5, 0xE2, 0x87, 0x91, 0xE2, 0x87, 0x95, 0xE2, 0x86, 0x96, 0xE2, 0x86, 0x97, 0xCF,
    0x92, 0xCE, 0xA5, 0xC5, 0xAE, 0xF0, 0x9D, 0x92, 0xB0, 0xC5, 0xA8, 0xC3, 0x9C, 0xC3, 0x9C, 0xE2,
    0x8A, 0xAB, 0xE2, 0xAB, 0xAB, 0xD0, 0x92, 0xE2, 0x8A, 0xA9, 0xE2, 0xAB, 0xA6, 0xE2, 0x8B, 0x81,
    0xE2, 0x80, 0x96, 0xE2, 0x80, 0x96, 0xE2, 0x88, 0xA3, 0x7C, 0xE2, 0x9D, 0x98, 0xE2, 0x89, 0x80,
    0xE2, 0x80, 0x8A, 0xF0, 0x9D, 0x94, 0x99, 0xF0, 0x9D, 0x95, 0x8D, 0xF0, 0x9D, 0x92, 0xB1, 0xE2,
    0x8A, 0xAA, 0xC5, 0xB4, 0xE2, 0x8B, 0x80, 0xF0, 0x9D, 0x94, 0x9A, 0xF0, 0x9D, 0x95, 0x8E, 0xF0,
    0x9D, 0x92, 0xB2, 0xF0, 0x9D, 0x94, 0x9B, 0xCE, 0x9E, 0xF0, 0x9D, 0x95, 0x8F, 0xF0, 0x9D, 0x92,
    0xB3, 0xD0, 0xAF, 0xD0, 0x87, 0xD0, 0xAE, 0xC3, 0x9D, 0xC3, 0x9D, 0xC5, 0xB6, 0xD0, 0xAB, 0xF0,
    0x9D, 0x94, 0x9C, 0xF0, 0x9D, 0x95, 0x90, 0xF0, 0x9D, 0x92, 0xB4, 0xC5, 0xB8, 0xD0, 0x96, 0xC5,
    0xB9, 0xC5, 0xBD, 0xD0, 0x97, 0xC5, 0xBB, 0xE2, 0x80, 0x8B, 0xCE, 0x96, 0xE2, 0x84, 0xA8, 0xE2,
    0x84, 0xA4, 0xF0, 0x9D, 0x92, 0xB5, 0xC3, 0xA1, 0xC3, 0xA1, 0xC4, 0x83, 0xE2, 0x88, 0xBE, 0xE2,
    0x88, 0xBE, 0xCC, 0xB3, 0xE2, 0x88, 0xBF, 0xC3, 0xA2, 0xC3, 0xA2, 0xC2, 0xB4, 0xC2, 0xB4, 0xD0,
    0xB0, 0xC3, 0xA6, 0xC3, 0xA6, 0xE2, 0x81, 0xA1, 0xF0, 0x9D, 0x94, 0x9E, 0xC3, 0xA0, 0xC3, 0xA0,
    0xE2, 0x84, 0xB5, 0xE2, 0x84, 0xB5, 0xCE, 0xB1, 0xC4, 0x81, 0xE2, 0xA8, 0xBF, 0x26, 0x26, 0xE2,
    0x88, 0xA7, 0xE2, 0xA9, 0x95, 0xE2, 0xA9, 0x9C, 0xE2, 0xA9, 0x98, 0xE2, 0xA9, 0x9A, 0xE2, 0x88,
    0xA0, 0xE2, 0xA6, 0xA4, 0xE2, 0x88, 0xA0, 0xE2, 0x88, 0xA1, 0xE2, 0xA6, 0xA8, 0xE2, 0xA6, 0xA9,
    0xE2, 0xA6, 0xAA, 0xE2, 0xA6, 0xAB, 0xE2, 0xA6, 0xAC, 0xE2, 0xA6, 0xAD, 0xE2, 0xA6, 0xAE, 0xE2,
    0xA6, 0xAF, 0xE2, 0x88, 0x9F, 0xE2, 0x8A, 0xBE, 0xE2, 0xA6, 0x9D, 0xE2, 0x88, 0xA2, 0xC3, 0x85,
    0xE2, 0x8D, 0xBC, 0xC4, 0x85, 0xF0, 0x9D, 0x95, 0x92, 0xE2, 0x89, 0x88, 0xE2, 0xA9, 0xB0, 0xE2,
    0xA9, 0xAF, 0xE2, 0x89, 0x8A, 0xE2, 0x89, 0x8B, 0x27, 0xE2, 0x89, 0x88, 0xE2, 0x89, 0x8A, 0xC3,
    0xA5, 0xC3, 0xA5, 0xF0, 0x9D, 0x92, 0xB6, 0x2A, 0xE2, 0x89, 0x88, 0xE2, 0x89, 0x8D, 0xC3, 0xA3,
    0xC3, 0xA3, 0xC3, 0xA4, 0xC3, 0xA4, 0xE2, 0x88, 0xB3, 0xE2, 0xA8, 0x91, 0xE2, 0xAB, 0xAD, 0xE2,
    0x89, 0x8C, 0xCF, 0xB6, 0xE2, 0x80, 0xB5, 0xE2, 0x88, 0xBD, 0xE2, 0x8B, 0x8D, 0xE2, 0x8A, 0xBD,
    0xE2, 0x8C, 0x85, 0xE2, 0x8C, 0x85, 0xE2, 0x8E, 0xB5, 0xE2, 0x8E, 0xB6, 0xE2, 0x89, 0x8C, 0xD0,
    0xB1, 0xE2, 0x80, 0x9E, 0xE2, 0x88, 0xB5, 0xE2, 0x88, 0xB5, 0xE2, 0xA6, 0xB0, 0xCF, 0xB6, 0xE2,
    0x84, 0xAC, 0xCE, 0xB2, 0xE2, 0x84, 0xB6, 0xE2, 0x89, 0xAC, 0xF0, 0x9D, 0x94, 0x9F, 0xE2, 0x8B,
    0x82, 0xE2, 0x97, 0xAF, 0xE2, 0x8B, 0x83, 0xE2, 0xA8, 0x80, 0xE2, 0xA8, 0x81, 0xE2, 0xA8, 0x82,
    0xE2, 0xA8, 0x86, 0xE2, 0x98, 0x85, 0xE2, 0x96, 0xBD, 0xE2, 0x96, 0xB3, 0xE2, 0xA8, 0x84, 0xE2,
    0x8B, 0x81, 0xE2, 0x8B, 0x80, 0xE2, 0xA4, 0x8D, 0xE2, 0xA7, 0xAB, 0xE2, 0x96, 0xAA, 0xE2, 0x96,
    0xB4, 0xE2, 0x96, 0xBE, 0xE2, 0x97, 0x82, 0xE2, 0x96, 0xB8, 0xE2, 0x90, 0xA3, 0xE2, 0x96, 0x92,
    0xE2, 0x96, 0x91, 0xE2, 0x96, 0x93, 0xE2, 0x96, 0x88, 0x3D, 0xE2, 0x83, 0xA5, 0xE2, 0x89, 0xA1,
    0xE2, 0x83, 0xA5, 0xE2, 0x8C, 0x90, 0xF0, 0x9D, 0x95, 0x93, 0xE2, 0x8A, 0xA5, 0xE2, 0x8A, 0xA5,
    0xE2, 0x8B, 0x88, 0xE2, 0x95, 0x97, 0xE2, 0x95, 0x94, 0xE2, 0x95, 0x96, 0xE2, 0x95, 0x93, 0xE2,
    0x95, 0x90, 0xE2, 0x95, 0xA6, 0xE2, 0x95, 0xA9, 0xE2, 0x95, 0xA4, 0xE2, 0x95, 0xA7, 0xE2, 0x95,
    0x9D, 0xE2, 0x95, 0x9A, 0xE2, 0x95, 0x9C, 0xE2, 0x95, 0x99, 0xE2, 0x95, 0x91, 0xE2, 0x95, 0xAC,
    0xE2, 0x95, 0xA3, 0xE2, 0x95, 0xA0, 0xE2, 0x95, 0xAB, 0xE2, 0x95, 0xA2, 0xE2, 0x95, 0x9F, 0xE2,
    0xA7, 0x89, 0xE2, 0x95, 0x95, 0xE2, 0x95, 0x92, 0xE2, 0x94, 0x90, 0xE2, 0x94, 0x8C, 0xE2, 0x94,
    0x80, 0xE2, 0x95, 0xA5, 0xE2, 0x95, 0xA8, 0xE2, 0x94, 0xAC, 0xE2, 0x94, 0xB4, 0xE2, 0x8A, 0x9F,
    0xE2, 0x8A, 0x9E, 0xE2, 0x8A, 0xA0, 0xE2, 0x95, 0x9B, 0xE2, 0x95, 0x98, 0xE2, 0x94, 0x98, 0xE2,
    0x94, 0x94, 0xE2, 0x94, 0x82, 0xE2, 0x95, 0xAA, 0xE2, 0x95, 0xA1, 0xE2, 0x95, 0x9E, 0xE2, 0x94,
    0xBC, 0xE2, 0x94, 0xA4, 0xE2, 0x94, 0x9C, 0xE2, 0x80, 0xB5, 0xCB, 0x98, 0xC2, 0xA6, 0xC2, 0xA6,
    0xF0, 0x9D, 0x92, 0xB7, 0xE2, 0x81, 0x8F, 0xE2, 0x88, 0xBD, 0xE2, 0x8B, 0x8D, 0x5C, 0xE2, 0xA7,
    0x85, 0xE2, 0x9F, 0x88, 0xE2, 0x80, 0xA2, 0xE2, 0x80, 0xA2, 0xE2, 0x89, 0x8E, 0xE2, 0xAA, 0xAE,
    0xE2, 0x89, 0x8F, 0xE2, 0x89, 0x8F, 0xC4, 0x87, 0xE2, 0x88, 0xA9, 0xE2, 0xA9, 0x84, 0xE2, 0xA9,
    0x89, 0xE2, 0xA9, 0x8B, 0xE2, 0xA9, 0x87, 0xE2, 0xA9, 0x80, 0xE2, 0x88, 0xA9, 0xEF, 0xB8, 0x80,
    0xE2, 0x81, 0x81, 0xCB, 0x87, 0xE2, 0xA9, 0x8D, 0xC4, 0x8D, 0xC3, 0xA7, 0xC3, 0xA7, 0xC4, 0x89,
    0xE2, 0xA9, 0x8C, 0xE2, 0xA9, 0x90, 0xC4, 0x8B, 0xC2, 0xB8, 0xC2, 0xB8, 0xE2, 0xA6, 0xB2, 0xC2,
    0xA2, 0xC2, 0xA2, 0xC2, 0xB7, 0xF0, 0x9D, 0x94, 0xA0, 0xD1, 0x87, 0xE2, 0x9C, 0x93, 0xE2, 0x9C,
    0x93, 0xCF, 0x87, 0xE2, 0x97, 0x8B, 0xE2, 0xA7, 0x83, 0xCB, 0x86, 0xE2, 0x89, 0x97, 0xE2, 0x86,
    0xBA, 0xE2, 0x86, 0xBB, 0xC2, 0xAE, 0xE2, 0x93, 0x88, 0xE2, 0x8A, 0x9B, 0xE2, 0x8A, 0x9A, 0xE2,
    0x8A, 0x9D, 0xE2, 0x89, 0x97, 0xE2, 0xA8, 0x90, 0xE2, 0xAB, 0xAF, 0xE2, 0xA7, 0x82, 0xE2, 0x99,
    0xA3, 0xE2, 0x99, 0xA3, 0x3A, 0xE2, 0x89, 0x94, 0xE2, 0x89, 0x94, 0x2C, 0x40, 0xE2, 0x88, 0x81,
    0xE2, 0x88, 0x98, 0xE2, 0x88, 0x81, 0xE2, 0x84, 0x82, 0xE2, 0x89, 0x85, 0xE2, 0xA9, 0xAD, 0xE2,
    0x88, 0xAE, 0xF0, 0x9D, 0x95, 0x94, 0xE2, 0x88, 0x90, 0xC2, 0xA9, 0xC2, 0xA9, 0xE2, 0x84, 0x97,
    0xE2, 0x86, 0xB5, 0xE2, 0x9C, 0x97, 0xF0, 0x9D, 0x92, 0xB8, 0xE2, 0xAB, 0x8F, 0xE2, 0xAB, 0x91,
    0xE2, 0xAB, 0x90, 0xE2, 0xAB, 0x92, 0xE2, 0x8B, 0xAF, 0xE2, 0xA4, 0xB8, 0xE2, 0xA4, 0xB5, 0xE2,
    0x8B, 0x9E, 0xE2, 0x8B, 0x9F, 0xE2, 0x86, 0xB6, 0xE2, 0xA4, 0xBD, 0xE2, 0x88, 0xAA, 0xE2, 0xA9,
    0x88, 0xE2, 0xA9, 0x86, 0xE2, 0xA9, 0x8A, 0xE2, 0x8A, 0x8D, 0xE2, 0xA9, 0x85, 0xE2, 0x88, 0xAA,
    0xEF, 0xB8, 0x80, 0xE2, 0x86, 0xB7, 0xE2, 0xA4, 0xBC, 0xE2, 0x8B, 0x9E, 0xE2, 0x8B, 0x9F, 0xE2,
    0x8B, 0x8E, 0xE2, 0x8B, 0x8F, 0xC2, 0xA4, 0xC2, 0xA4, 0xE2, 0x86, 0xB6, 0xE2, 0x86, 0xB7, 0xE2,
    0x8B, 0x8E, 0xE2, 0x8B, 0x8F, 0xE2, 0x88, 0xB2, 0xE2, 0x88, 0xB1, 0xE2, 0x8C, 0xAD, 0xE2, 0x87,
    0x93, 0xE2, 0xA5, 0xA5, 0xE2, 0x80, 0xA0, 0xE2, 0x84, 0xB8, 0xE2, 0x86, 0x93, 0xE2, 0x80, 0x90,
    0xE2, 0x8A, 0xA3, 0xE2, 0xA4, 0x8F, 0xCB, 0x9D, 0xC4, 0x8F, 0xD0, 0xB4, 0xE2, 0x85, 0x86, 0xE2,
    0x80, 0xA1, 0xE2, 0x87, 0x8A, 0xE2, 0xA9, 0xB7, 0xC2, 0xB0, 0xC2, 0xB0, 0xCE, 0xB4, 0xE2, 0xA6,
    0xB1, 0xE2, 0xA5, 0xBF, 0xF0, 0x9D, 0x94, 0xA1, 0xE2, 0x87, 0x83, 0xE2, 0x87, 0x82, 0xE2, 0x8B,
    0x84, 0xE2, 0x8B, 0x84, 0xE2, 0x99, 0xA6, 0xE2, 0x99, 0xA6, 0xC2, 0xA8, 0xCF, 0x9D, 0xE2, 0x8B,
    0xB2, 0xC3, 0xB7, 0xC3, 0xB7, 0xC3, 0xB7, 0xE2, 0x8B, 0x87, 0xE2, 0x8B, 0x87, 0xD1, 0x92, 0xE2,
    0x8C, 0x9E, 0xE2, 0x8C, 0x8D, 0x24, 0xF0, 0x9D, 0x95, 0x95, 0xCB, 0x99, 0xE2, 0x89, 0x90, 0xE2,
    0x89, 0x91, 0xE2, 0x88, 0xB8, 0xE2, 0x88, 0x94, 0xE2, 0x8A, 0xA1, 0xE2, 0x8C, 0x86, 0xE2, 0x86,
    0x93, 0xE2, 0x87, 0x8A, 0xE2, 0x87, 0x83, 0xE2, 0x87, 0x82, 0xE2, 0xA4, 0x90, 0xE2, 0x8C, 0x9F,
    0xE2, 0x8C, 0x8C, 0xF0, 0x9D, 0x92, 0xB9, 0xD1, 0x95, 0xE2, 0xA7, 0xB6, 0xC4, 0x91, 0xE2, 0x8B,
    0xB1, 0xE2, 0x96, 0xBF, 0xE2, 0x96, 0xBE, 0xE2, 0x87, 0xB5, 0xE2, 0xA5, 0xAF, 0xE2, 0xA6, 0xA6,
    0xD1, 0x9F, 0xE2, 0x9F, 0xBF, 0xE2, 0xA9, 0xB7, 0xE2, 0x89, 0x91, 0xC3, 0xA9, 0xC3, 0xA9, 0xE2,
    0xA9, 0xAE, 0xC4, 0x9B, 0xE2, 0x89, 0x96, 0xC3, 0xAA, 0xC3, 0xAA, 0xE2, 0x89, 0x95, 0xD1, 0x8D,
    0xC4, 0x97, 0xE2, 0x85, 0x87, 0xE2, 0x89, 0x92, 0xF0, 0x9D, 0x94, 0xA2, 0xE2, 0xAA, 0x9A, 0xC3,
    0xA8, 0xC3, 0xA8, 0xE2, 0xAA, 0x96, 0xE2, 0xAA, 0x98, 0xE2, 0xAA, 0x99, 0xE2, 0x8F, 0xA7, 0xE2,
    0x84, 0x93, 0xE2, 0xAA, 0x95, 0xE2, 0xAA, 0x97, 0xC4, 0x93, 0xE2, 0x88, 0x85, 0xE2, 0x88, 0x85,
    0xE2, 0x88, 0x85, 0xE2, 0x80, 0x84, 0xE2, 0x80, 0x85, 0xE2, 0x80, 0x83, 0xC5, 0x8B, 0xE2, 0x80,
    0x82, 0xC4, 0x99, 0xF0, 0x9D, 0x95, 0x96, 0xE2, 0x8B, 0x95, 0xE2, 0xA7, 0xA3, 0xE2, 0xA9, 0xB1,
    0xCE, 0xB5, 0xCE, 0xB5, 0xCF, 0xB5, 0xE2, 0x89, 0x96, 0xE2, 0x89, 0x95, 0xE2, 0x89, 0x82, 0xE2,
    0xAA, 0x96, 0xE2, 0xAA, 0x95, 0x3D, 0xE2, 0x89, 0x9F, 0xE2, 0x89, 0xA1, 0xE2, 0xA9, 0xB8, 0xE2,
    0xA7, 0xA5, 0xE2, 0x89, 0x93, 0xE2, 0xA5, 0xB1, 0xE2, 0x84, 0xAF, 0xE2, 0x89, 0x90, 0xE2, 0x89,
    0x82, 0xCE, 0xB7, 0xC3, 0xB0, 0xC3, 0xB0, 0xC3, 0xAB, 0xC3, 0xAB, 0xE2, 0x82, 0xAC, 0x21, 0xE2,
    0x88, 0x83, 0xE2, 0x84, 0xB0, 0xE2, 0x85, 0x87, 0xE2, 0x89, 0x92, 0xD1, 0x84, 0xE2, 0x99, 0x80,
    0xEF, 0xAC, 0x83, 0xEF, 0xAC, 0x80, 0xEF, 0xAC, 0x84, 0xF0, 0x9D, 0x94, 0xA3, 0xEF, 0xAC, 0x81,
    0x66, 0x6A, 0xE2, 0x99, 0xAD, 0xEF, 0xAC, 0x82, 0xE2, 0x96, 0xB1, 0xC6, 0x92, 0xF0, 0x9D, 0x95,
    0x97, 0xE2, 0x88, 0x80, 0xE2, 0x8B, 0x94, 0xE2, 0xAB, 0x99, 0xE2, 0xA8, 0x8D, 0xC2, 0xBD, 0xC2,
    0xBD, 0xE2, 0x85, 0x93, 0xC2, 0xBC, 0xC2, 0xBC, 0xE2, 0x85, 0x95, 0xE2, 0x85, 0x99, 0xE2, 0x85,
    0x9B, 0xE2, 0x85, 0x94, 0xE2, 0x85, 0x96, 0xC2, 0xBE, 0xC2, 0xBE, 0xE2, 0x85, 0x97, 0xE2, 0x85,
    0x9C, 0xE2, 0x85, 0x98, 0xE2, 0x85, 0x9A, 0xE2, 0x85, 0x9D, 0xE2, 0x85, 0x9E, 0xE2, 0x81, 0x84,
    0xE2, 0x8C, 0xA2, 0xF0, 0x9D, 0x92, 0xBB, 0xE2, 0x89, 0xA7, 0xE2, 0xAA, 0x8C, 0xC7, 0xB5, 0xCE,
    0xB3, 0xCF, 0x9D, 0xE2, 0xAA, 0x86, 0xC4, 0x9F, 0xC4, 0x9D, 0xD0, 0xB3, 0xC4, 0xA1, 0xE2, 0x89,
    0xA5, 0xE2, 0x8B, 0x9B, 0xE2, 0x89, 0xA5, 0xE2, 0x89, 0xA7, 0xE2, 0xA9, 0xBE, 0xE2, 0xA9, 0xBE,
    0xE2, 0xAA, 0xA9, 0xE2, 0xAA, 0x80, 0xE2, 0xAA, 0x82, 0xE2, 0xAA, 0x84, 0xE2, 0x8B, 0x9B, 0xEF,
    0xB8, 0x80, 0xE2, 0xAA, 0x94, 0xF0, 0x9D, 0x94, 0xA4, 0xE2, 0x89, 0xAB, 0xE2, 0x8B, 0x99, 0xE2,
    0x84, 0xB7, 0xD1, 0x93, 0xE2, 0x89, 0xB7, 0xE2, 0xAA, 0x92, 0xE2, 0xAA, 0xA5, 0xE2, 0xAA, 0xA4,
    0xE2, 0x89, 0xA9, 0xE2, 0xAA, 0x8A, 0xE2, 0xAA, 0x8A, 0xE2, 0xAA, 0x88, 0xE2, 0xAA, 0x88, 0xE2,
    0x89, 0xA9, 0xE2, 0x8B, 0xA7, 0xF0, 0x9D, 0x95, 0x98, 0x60, 0xE2, 0x84, 0x8A, 0xE2, 0x89, 0xB3,
    0xE2, 0xAA, 0x8E, 0xE2, 0xAA, 0x90, 0x3E, 0x3E, 0xE2, 0xAA, 0xA7, 0xE2, 0xA9, 0xBA, 0xE2, 0x8B,
    0x97, 0xE2, 0xA6, 0x95, 0xE2, 0xA9, 0xBC, 0xE2, 0xAA, 0x86, 0xE2, 0xA5, 0xB8, 0xE2, 0x8B, 0x97,
    0xE2, 0x8B, 0x9B, 0xE2, 0xAA, 0x8C, 0xE2, 0x89, 0xB7, 0xE2, 0x89, 0xB3, 0xE2, 0x89, 0xA9, 0xEF,
    0xB8, 0x80, 0xE2, 0x89, 0xA9, 0xEF, 0xB8, 0x80, 0xE2, 0x87, 0x94, 0xE2, 0x80, 0x8A, 0xC2, 0xBD,
    0xE2, 0x84, 0x8B, 0xD1, 0x8A, 0xE2, 0x86, 0x94, 0xE2, 0xA5, 0x88, 0xE2, 0x86, 0xAD, 0xE2, 0x84,
    0x8F, 0xC4, 0xA5, 0xE2, 0x99, 0xA5, 0xE2, 0x99, 0xA5, 0xE2, 0x80, 0xA6, 0xE2, 0x8A, 0xB9, 0xF0,
    0x9D, 0x94, 0xA5, 0xE2, 0xA4, 0xA5, 0xE2, 0xA4, 0xA6, 0xE2, 0x87, 0xBF, 0xE2, 0x88, 0xBB, 0xE2,
    0x86, 0xA9, 0xE2, 0x86, 0xAA, 0xF0, 0x9D, 0x95, 0x99, 0xE2, 0x80, 0x95, 0xF0, 0x9D, 0x92, 0xBD,
    0xE2, 0x84, 0x8F, 0xC4, 0xA7, 0xE2, 0x81, 0x83, 0xE2, 0x80, 0x90, 0xC3, 0xAD, 0xC3, 0xAD, 0xE2,
    0x81, 0xA3, 0xC3, 0xAE, 0xC3, 0xAE, 0xD0, 0xB8, 0xD0, 0xB5, 0xC2, 0xA1, 0xC2, 0xA1, 0xE2, 0x87,
    0x94, 0xF0, 0x9D, 0x94, 0xA6, 0xC3, 0xAC, 0xC3, 0xAC, 0xE2, 0x85, 0x88, 0xE2, 0xA8, 0x8C, 0xE2,
    0x88, 0xAD, 0xE2, 0xA7, 0x9C, 0xE2, 0x84, 0xA9, 0xC4, 0xB3, 0xC4, 0xAB, 0xE2, 0x84, 0x91, 0xE2,
    0x84, 0x90, 0xE2, 0x84, 0x91, 0xC4, 0xB1, 0xE2, 0x8A, 0xB7, 0xC6, 0xB5, 0xE2, 0x88, 0x88, 0xE2,
    0x84, 0x85, 0xE2, 0x88, 0x9E, 0xE2, 0xA7, 0x9D, 0xC4, 0xB1, 0xE2, 0x88, 0xAB, 0xE2, 0x8A, 0xBA,
    0xE2, 0x84, 0xA4, 0xE2, 0x8A, 0xBA, 0xE2, 0xA8, 0x97, 0xE2, 0xA8, 0xBC, 0xD1, 0x91, 0xC4, 0xAF,
    0xF0, 0x9D, 0x95, 0x9A, 0xCE, 0xB9, 0xE2, 0xA8, 0xBC, 0xC2, 0xBF, 0xC2, 0xBF, 0xF0, 0x9D, 0x92,
    0xBE, 0xE2, 0x88, 0x88, 0xE2, 0x8B, 0xB9, 0xE2, 0x8B, 0xB5, 0xE2, 0x8B, 0xB4, 0xE2, 0x8B, 0xB3,
    0xE2, 0x88, 0x88, 0xE2, 0x81, 0xA2, 0xC4, 0xA9, 0xD1, 0x96, 0xC3, 0xAF, 0xC3, 0xAF, 0xC4, 0xB5,
    0xD0, 0xB9, 0xF0, 0x9D, 0x94, 0xA7, 0xC8, 0xB7, 0xF0, 0x9D, 0x95, 0x9B, 0xF0, 0x9D, 0x92, 0xBF,
    0xD1, 0x98, 0xD1, 0x94, 0xCE, 0xBA, 0xCF, 0xB0, 0xC4, 0xB7, 0xD0, 0xBA, 0xF0, 0x9D, 0x94, 0xA8,
    0xC4, 0xB8, 0xD1, 0x85, 0xD1, 0x9C, 0xF0, 0x9D, 0x95, 0x9C, 0xF0, 0x9D, 0x93, 0x80, 0xE2, 0x87,
    0x9A, 0xE2, 0x87, 0x90, 0xE2, 0xA4, 0x9B, 0xE2, 0xA4, 0x8E, 0xE2, 0x89, 0xA6, 0xE2, 0xAA, 0x8B,
    0xE2, 0xA5, 0xA2, 0xC4, 0xBA, 0xE2, 0xA6, 0xB4, 0xE2, 0x84, 0x92, 0xCE, 0xBB, 0xE2, 0x9F, 0xA8,
    0xE2, 0xA6, 0x91, 0xE2, 0x9F, 0xA8, 0xE2, 0xAA, 0x85, 0xC2, 0xAB, 0xC2, 0xAB, 0xE2, 0x86, 0x90,
    0xE2, 0x87, 0xA4, 0xE2, 0xA4, 0x9F, 0xE2, 0xA4, 0x9D, 0xE2, 0x86, 0xA9, 0xE2, 0x86, 0xAB, 0xE2,
    0xA4, 0xB9, 0xE2, 0xA5, 0xB3, 0xE2, 0x86, 0xA2, 0xE2, 0xAA, 0xAB, 0xE2, 0xA4, 0x99, 0xE2, 0xAA,
    0xAD, 0xE2, 0xAA, 0xAD, 0xEF, 0xB8, 0x80, 0xE2, 0xA4, 0x8C, 0xE2, 0x9D, 0xB2, 0x7B, 0x5B, 0xE2,
    0xA6, 0x8B, 0xE2, 0xA6, 0x8F, 0xE2, 0xA6, 0x8D, 0xC4, 0xBE, 0xC4, 0xBC, 0xE2, 0x8C, 0x88, 0x7B,
    0xD0, 0xBB, 0xE2, 0xA4, 0xB6, 0xE2, 0x80, 0x9C, 0xE2, 0x80, 0x9E, 0xE2, 0xA5, 0xA7, 0xE2, 0xA5,
    0x8B, 0xE2, 0x86, 0xB2, 0xE2, 0x89, 0xA4, 0xE2, 0x86, 0x90, 0xE2, 0x86, 0xA2, 0xE2, 0x86, 0xBD,
    0xE2, 0x86, 0xBC, 0xE2, 0x87, 0x87, 0xE2, 0x86, 0x94, 0xE2, 0x87, 0x86, 0xE2, 0x87, 0x8B, 0xE2,
    0x86, 0xAD, 0xE2, 0x8B, 0x8B, 0xE2, 0x8B, 0x9A, 0xE2, 0x89, 0xA4, 0xE2, 0x89, 0xA6, 0xE2, 0xA9,
    0xBD, 0xE2, 0xA9, 0xBD, 0xE2, 0xAA, 0xA8, 0xE2, 0xA9, 0xBF, 0xE2, 0xAA, 0x81, 0xE2, 0xAA, 0x83,
    0xE2, 0x8B, 0x9A, 0xEF, 0xB8, 0x80, 0xE2, 0xAA, 0x93, 0xE2, 0xAA, 0x85, 0xE2, 0x8B, 0x96, 0xE2,
    0x8B, 0x9A, 0xE2, 0xAA, 0x8B, 0xE2, 0x89, 0xB6, 0xE2, 0x89, 0xB2, 0xE2, 0xA5, 0xBC, 0xE2, 0x8C,
    0x8A, 0xF0, 0x9D, 0x94, 0xA9, 0xE2, 0x89, 0xB6, 0xE2, 0xAA, 0x91, 0xE2, 0x86, 0xBD, 0xE2, 0x86,
    0xBC, 0xE2, 0xA5, 0xAA, 0xE2, 0x96, 0x84, 0xD1, 0x99, 0xE2, 0x89, 0xAA, 0xE2, 0x87, 0x87, 0xE2,
    0x8C, 0x9E, 0xE2, 0xA5, 0xAB, 0xE2, 0x97, 0xBA, 0xC5, 0x80, 0xE2, 0x8E, 0xB0, 0xE2, 0x8E, 0xB0,
    0xE2, 0x89, 0xA8, 0xE2, 0xAA, 0x89, 0xE2, 0xAA, 0x89, 0xE2, 0xAA, 0x87, 0xE2, 0xAA, 0x87, 0xE2,
    0x89, 0xA8, 0xE2, 0x8B, 0xA6, 0xE2, 0x9F, 0xAC, 0xE2, 0x87, 0xBD, 0xE2, 0x9F, 0xA6, 0xE2, 0x9F,
    0xB5, 0xE2, 0x9F, 0xB7, 0xE2, 0x9F, 0xBC, 0xE2, 0x9F, 0xB6, 0xE2, 0x86, 0xAB, 0xE2, 0x86, 0xAC,
    0xE2, 0xA6, 0x85, 0xF0, 0x9D, 0x95, 0x9D, 0xE2, 0xA8, 0xAD, 0xE2, 0xA8, 0xB4, 0xE2, 0x88, 0x97,
    0x5F, 0xE2, 0x97, 0x8A, 0xE2, 0x97, 0x8A, 0xE2, 0xA7, 0xAB, 0x28, 0xE2, 0xA6, 0x93, 0xE2, 0x87,
    0x86, 0xE2, 0x8C, 0x9F, 0xE2, 0x87, 0x8B, 0xE2, 0xA5, 0xAD, 0xE2, 0x80, 0x8E, 0xE2, 0x8A, 0xBF,
    0xE2, 0x80, 0xB9, 0xF0, 0x9D, 0x93, 0x81, 0xE2, 0x86, 0xB0, 0xE2, 0x89, 0xB2, 0xE2, 0xAA, 0x8D,
    0xE2, 0xAA, 0x8F, 0x5B, 0xE2, 0x80, 0x98, 0xE2, 0x80, 0x9A, 0xC5, 0x82, 0x3C, 0x3C, 0xE2, 0xAA,
    0xA6, 0xE2, 0xA9, 0xB9, 0xE2, 0x8B, 0x96, 0xE2, 0x8B, 0x8B, 0xE2, 0x8B, 0x89, 0xE2, 0xA5, 0xB6,
    0xE2, 0xA9, 0xBB, 0xE2, 0xA6, 0x96, 0xE2, 0x97, 0x83, 0xE2, 0x8A, 0xB4, 0xE2, 0x97, 0x82, 0xE2,
    0xA5, 0x8A, 0xE2, 0xA5, 0xA6, 0xE2, 0x89, 0xA8, 0xEF, 0xB8, 0x80, 0xE2, 0x89, 0xA8, 0xEF, 0xB8,
    0x80, 0xE2, 0x88, 0xBA, 0xC2, 0xAF, 0xC2, 0xAF, 0xE2, 0x99, 0x82, 0xE2, 0x9C, 0xA0, 0xE2, 0x9C,
    0xA0, 0xE2, 0x86, 0xA6, 0xE2, 0x86, 0xA6, 0xE2, 0x86, 0xA7, 0xE2, 0x86, 0xA4, 0xE2, 0x86, 0xA5,
    0xE2, 0x96, 0xAE, 0xE2, 0xA8, 0xA9, 0xD0, 0xBC, 0xE2, 0x80, 0x94, 0xE2, 0x88, 0xA1, 0xF0, 0x9D,
    0x94, 0xAA, 0xE2, 0x84, 0xA7, 0xC2, 0xB5, 0xC2, 0xB5, 0xE2, 0x88, 0xA3, 0x2A, 0xE2, 0xAB, 0xB0,
    0xC2, 0xB7, 0xC2, 0xB7, 0xE2, 0x88, 0x92, 0xE2, 0x8A, 0x9F, 0xE2, 0x88, 0xB8, 0xE2, 0xA8, 0xAA,
    0xE2, 0xAB, 0x9B, 0xE2, 0x80, 0xA6, 0xE2, 0x88, 0x93, 0xE2, 0x8A, 0xA7, 0xF0, 0x9D, 0x95, 0x9E,
    0xE2, 0x88, 0x93, 0xF0, 0x9D, 0x93, 0x82, 0xE2, 0x88, 0xBE, 0xCE, 0xBC, 0xE2, 0x8A, 0xB8, 0xE2,
    0x8A, 0xB8, 0xE2, 0x8B, 0x99, 0xCC, 0xB8, 0xE2, 0x89, 0xAB, 0xE2, 0x83, 0x92, 0xE2, 0x89, 0xAB,
    0xCC, 0xB8, 0xE2, 0x87, 0x8D, 0xE2, 0x87, 0x8E, 0xE2, 0x8B, 0x98, 0xCC, 0xB8, 0xE2, 0x89, 0xAA,
    0xE2, 0x83, 0x92, 0xE2, 0x89, 0xAA, 0xCC, 0xB8, 0xE2, 0x87, 0x8F, 0xE2, 0x8A, 0xAF, 0xE2, 0x8A,
    0xAE, 0xE2, 0x88, 0x87, 0xC5, 0x84, 0xE2, 0x88, 0xA0, 0xE2, 0x83, 0x92, 0xE2, 0x89, 0x89, 0xE2,
    0xA9, 0xB0, 0xCC, 0xB8, 0xE2, 0x89, 0x8B, 0xCC, 0xB8, 0xC5, 0x89, 0xE2, 0x89, 0x89, 0xE2, 0x99,
    0xAE, 0xE2, 0x99, 0xAE, 0xE2, 0x84, 0x95, 0xC2, 0xA0, 0xC2, 0xA0, 0xE2, 0x89, 0x8E, 0xCC, 0xB8,
    0xE2, 0x89, 0x8F, 0xCC, 0xB8, 0xE2, 0xA9, 0x83, 0xC5, 0x88, 0xC5, 0x86, 0xE2, 0x89, 0x87, 0xE2,
    0xA9, 0xAD, 0xCC, 0xB8, 0xE2, 0xA9, 0x82, 0xD0, 0xBD, 0xE2, 0x80, 0x93, 0xE2, 0x89, 0xA0, 0xE2,
    0x87, 0x97, 0xE2, 0xA4, 0xA4, 0xE2, 0x86, 0x97, 0xE2, 0x86, 0x97, 0xE2, 0x89, 0x90, 0xCC, 0xB8,
    0xE2, 0x89, 0xA2, 0xE2, 0xA4, 0xA8, 0xE2, 0x89, 0x82, 0xCC, 0xB8, 0xE2, 0x88, 0x84, 0xE2, 0x88,
    0x84, 0xF0, 0x9D, 0x94, 0xAB, 0xE2, 0x89, 0xA7, 0xCC, 0xB8, 0xE2, 0x89, 0xB1, 0xE2, 0x89, 0xB1,
    0xE2, 0x89, 0xA7, 0xCC, 0xB8, 0xE2, 0xA9, 0xBE, 0xCC, 0xB8, 0xE2, 0xA9, 0xBE, 0xCC, 0xB8, 0xE2,
    0x89, 0xB5, 0xE2, 0x89, 0xAF, 0xE2, 0x89, 0xAF, 0xE2, 0x87, 0x8E, 0xE2, 0x86, 0xAE, 0xE2, 0xAB,
    0xB2, 0xE2, 0x88, 0x8B, 0xE2, 0x8B, 0xBC, 0xE2, 0x8B, 0xBA, 0xE2, 0x88, 0x8B, 0xD1, 0x9A, 0xE2,
    0x87, 0x8D, 0xE2, 0x89, 0xA6, 0xCC, 0xB8, 0xE2, 0x86, 0x9A, 0xE2, 0x80, 0xA5, 0xE2, 0x89, 0xB0,
    0xE2, 0x86, 0x9A, 0xE2, 0x86, 0xAE, 0xE2, 0x89, 0xB0, 0xE2, 0x89, 0xA6, 0xCC, 0xB8, 0xE2, 0xA9,
    0xBD, 0xCC, 0xB8, 0xE2, 0xA9, 0xBD, 0xCC, 0xB8, 0xE2, 0x89, 0xAE, 0xE2, 0x89, 0xB4, 0xE2, 0x89,
    0xAE, 0xE2, 0x8B, 0xAA, 0xE2, 0x8B, 0xAC, 0xE2, 0x88, 0xA4, 0xF0, 0x9D, 0x95, 0x9F, 0xC2, 0xAC,
    0xC2, 0xAC, 0xE2, 0x88, 0x89, 0xE2, 0x8B, 0xB9, 0xCC, 0xB8, 0xE2, 0x8B, 0xB5, 0xCC, 0xB8, 0xE2,
    0x88, 0x89, 0xE2, 0x8B, 0xB7, 0xE2, 0x8B, 0xB6, 0xE2, 0x88, 0x8C, 0xE2, 0x88, 0x8C, 0xE2, 0x8B,
    0xBE, 0xE2, 0x8B, 0xBD, 0xE2, 0x88, 0xA6, 0xE2, 0x88, 0xA6, 0xE2, 0xAB, 0xBD, 0xE2, 0x83, 0xA5,
    0xE2, 0x88, 0x82, 0xCC, 0xB8, 0xE2, 0xA8, 0x94, 0xE2, 0x8A, 0x80, 0xE2, 0x8B, 0xA0, 0xE2, 0xAA,
    0xAF, 0xCC, 0xB8, 0xE2, 0x8A, 0x80, 0xE2, 0xAA, 0xAF, 0xCC, 0xB8, 0xE2, 0x87, 0x8F, 0xE2, 0x86,
    0x9B, 0xE2, 0xA4, 0xB3, 0xCC, 0xB8, 0xE2, 0x86, 0x9D, 0xCC, 0xB8, 0xE2, 0x86, 0x9B, 0xE2, 0x8B,
    0xAB, 0xE2, 0x8B, 0xAD, 0xE2, 0x8A, 0x81, 0xE2, 0x8B, 0xA1, 0xE2, 0xAA, 0xB0, 0xCC, 0xB8, 0xF0,
    0x9D, 0x93, 0x83, 0xE2, 0x88, 0xA4, 0xE2, 0x88, 0xA6, 0xE2, 0x89, 0x81, 0xE2, 0x89, 0x84, 0xE2,
    0x89, 0x84, 0xE2, 0x88, 0xA4, 0xE2, 0x88, 0xA6, 0xE2, 0x8B, 0xA2, 0xE2, 0x8B, 0xA3, 0xE2, 0x8A,
    0x84, 0xE2, 0xAB, 0x85, 0xCC, 0xB8, 0xE2, 0x8A, 0x88, 0xE2, 0x8A, 0x82, 0xE2, 0x83, 0x92, 0xE2,
    0x8A, 0x88, 0xE2, 0xAB, 0x85, 0xCC, 0xB8, 0xE2, 0x8A, 0x81, 0xE2, 0xAA, 0xB0, 0xCC, 0xB8, 0xE2,
    0x8A, 0x85, 0xE2, 0xAB, 0x86, 0xCC, 0xB8, 0xE2, 0x8A, 0x89, 0xE2, 0x8A, 0x83, 0xE2, 0x83, 0x92,
    0xE2, 0x8A, 0x89, 0xE2, 0xAB, 0x86, 0xCC, 0xB8, 0xE2, 0x89, 0xB9, 0xC3, 0xB1, 0xC3, 0xB1, 0xE2,
    0x89, 0xB8, 0xE2, 0x8B, 0xAA, 0xE2, 0x8B, 0xAC, 0xE2, 0x8B, 0xAB, 0xE2, 0x8B, 0xAD, 0xCE, 0xBD,
    0x23, 0xE2, 0x84, 0x96, 0xE2, 0x80, 0x87, 0xE2, 0x8A, 0xAD, 0xE2, 0xA4, 0x84, 0xE2, 0x89, 0x8D,
    0xE2, 0x83, 0x92, 0xE2, 0x8A, 0xAC, 0xE2, 0x89, 0xA5, 0xE2, 0x83, 0x92, 0x3E, 0xE2, 0x83, 0x92,
    0xE2, 0xA7, 0x9E, 0xE2, 0xA4, 0x82, 0xE2, 0x89, 0xA4, 0xE2, 0x83, 0x92, 0x3C, 0xE2, 0x83, 0x92,
    0xE2, 0x8A, 0xB4, 0xE2, 0x83, 0x92, 0xE2, 0xA4, 0x83, 0xE2, 0x8A, 0xB5, 0xE2, 0x83, 0x92, 0xE2,
    0x88, 0xBC, 0xE2, 0x83, 0x92, 0xE2, 0x87, 0x96, 0xE2, 0xA4, 0xA3, 0xE2, 0x86, 0x96, 0xE2, 0x86,
    0x96, 0xE2, 0xA4, 0xA7, 0xE2, 0x93, 0x88, 0xC3, 0xB3, 0xC3, 0xB3, 0xE2, 0x8A, 0x9B, 0xE2, 0x8A,
    0x9A, 0xC3, 0xB4, 0xC3, 0xB4, 0xD0, 0xBE, 0xE2, 0x8A, 0x9D, 0xC5, 0x91, 0xE2, 0xA8, 0xB8, 0xE2,
    0x8A, 0x99, 0xE2, 0xA6, 0xBC, 0xC5, 0x93, 0xE2, 0xA6, 0xBF, 0xF0, 0x9D, 0x94, 0xAC, 0xCB, 0x9B,
    0xC3, 0xB2, 0xC3, 0xB2, 0xE2, 0xA7, 0x81, 0xE2, 0xA6, 0xB5, 0xCE, 0xA9, 0xE2, 0x88, 0xAE, 0xE2,
    0x86, 0xBA, 0xE2, 0xA6, 0xBE, 0xE2, 0xA6, 0xBB, 0xE2, 0x80, 0xBE, 0xE2, 0xA7, 0x80, 0xC5, 0x8D,
    0xCF, 0x89, 0xCE, 0xBF, 0xE2, 0xA6, 0xB6, 0xE2, 0x8A, 0x96, 0xF0, 0x9D, 0x95, 0xA0, 0xE2, 0xA6,
    0xB7, 0xE2, 0xA6, 0xB9, 0xE2, 0x8A, 0x95, 0xE2, 0x88, 0xA8, 0xE2, 0x86, 0xBB, 0xE2, 0xA9, 0x9D,
    0xE2, 0x84, 0xB4, 0xE2, 0x84, 0xB4, 0xC2, 0xAA, 0xC2, 0xAA, 0xC2, 0xBA, 0xC2, 0xBA, 0xE2, 0x8A,
    0xB6, 0xE2, 0xA9, 0x96, 0xE2, 0xA9, 0x97, 0xE2, 0xA9, 0x9B, 0xE2, 0x84, 0xB4, 0xC3, 0xB8, 0xC3,
    0xB8, 0xE2, 0x8A, 0x98, 0xC3, 0xB5, 0xC3, 0xB5, 0xE2, 0x8A, 0x97, 0xE2, 0xA8, 0xB6, 0xC3, 0xB6,
    0xC3, 0xB6, 0xE2, 0x8C, 0xBD, 0xE2, 0x88, 0xA5, 0xC2, 0xB6, 0xC2, 0xB6, 0xE2, 0x88, 0xA5, 0xE2,
    0xAB, 0xB3, 0xE2, 0xAB, 0xBD, 0xE2, 0x88, 0x82, 0xD0, 0xBF, 0x25, 0x2E, 0xE2, 0x80, 0xB0, 0xE2,
    0x8A, 0xA5, 0xE2, 0x80, 0xB1, 0xF0, 0x9D, 0x94, 0xAD, 0xCF, 0x86, 0xCF, 0x95, 0xE2, 0x84, 0xB3,
    0xE2, 0x98, 0x8E, 0xCF, 0x80, 0xE2, 0x8B, 0x94, 0xCF, 0x96, 0xE2, 0x84, 0x8F, 0xE2, 0x84, 0x8E,
    0xE2, 0x84, 0x8F, 0x2B, 0xE2, 0xA8, 0xA3, 0xE2, 0x8A, 0x9E, 0xE2, 0xA8, 0xA2, 0xE2, 0x88, 0x94,
    0xE2, 0xA8, 0xA5, 0xE2, 0xA9, 0xB2, 0xC2, 0xB1, 0xC2, 0xB1, 0xE2, 0xA8, 0xA6, 0xE2, 0xA8, 0xA7,
    0xC2, 0xB1, 0xE2, 0xA8, 0x95, 0xF0, 0x9D, 0x95, 0xA1, 0xC2, 0xA3, 0xC2, 0xA3, 0xE2, 0x89, 0xBA,
    0xE2, 0xAA, 0xB3, 0xE2, 0xAA, 0xB7, 0xE2, 0x89, 0xBC, 0xE2, 0xAA, 0xAF, 0xE2, 0x89, 0xBA, 0xE2,
    0xAA, 0xB7, 0xE2, 0x89, 0xBC, 0xE2, 0xAA, 0xAF, 0xE2, 0xAA, 0xB9, 0xE2, 0xAA, 0xB5, 0xE2, 0x8B,
    0xA8, 0xE2, 0x89, 0xBE, 0xE2, 0x80, 0xB2, 0xE2, 0x84, 0x99, 0xE2, 0xAA, 0xB5, 0xE2, 0xAA, 0xB9,
    0xE2, 0x8B, 0xA8, 0xE2, 0x88, 0x8F, 0xE2, 0x8C, 0xAE, 0xE2, 0x8C, 0x92, 0xE2, 0x8C, 0x93, 0xE2,
    0x88, 0x9D, 0xE2, 0x88, 0x9D, 0xE2, 0x89, 0xBE, 0xE2, 0x8A, 0xB0, 0xF0, 0x9D, 0x93, 0x85, 0xCF,
    0x88, 0xE2, 0x80, 0x88, 0xF0, 0x9D, 0x94, 0xAE, 0xE2, 0xA8, 0x8C, 0xF0, 0x9D, 0x95, 0xA2, 0xE2,
    0x81, 0x97, 0xF0, 0x9D, 0x93, 0x86, 0xE2, 0x84, 0x8D, 0xE2, 0xA8, 0x96, 0x3F, 0xE2, 0x89, 0x9F,
    0x22, 0x22, 0xE2, 0x87, 0x9B, 0xE2, 0x87, 0x92, 0xE2, 0xA4, 0x9C, 0xE2, 0xA4, 0x8F, 0xE2, 0xA5,
    0xA4, 0xE2, 0x88, 0xBD, 0xCC, 0xB1, 0xC5, 0x95, 0xE2, 0x88, 0x9A, 0xE2, 0xA6, 0xB3, 0xE2, 0x9F,
    0xA9, 0xE2, 0xA6, 0x92, 0xE2, 0xA6, 0xA5, 0xE2, 0x9F, 0xA9, 0xC2, 0xBB, 0xC2, 0xBB, 0xE2, 0x86,
    0x92, 0xE2, 0xA5, 0xB5, 0xE2, 0x87, 0xA5, 0xE2, 0xA4, 0xA0, 0xE2, 0xA4, 0xB3, 0xE2, 0xA4, 0x9E,
    0xE2, 0x86, 0xAA, 0xE2, 0x86, 0xAC, 0xE2, 0xA5, 0x85, 0xE2, 0xA5, 0xB4, 0xE2, 0x86, 0xA3, 0xE2,
    0x86, 0x9D, 0xE2, 0xA4, 0x9A, 0xE2, 0x88, 0xB6, 0xE2, 0x84, 0x9A, 0xE2, 0xA4, 0x8D, 0xE2, 0x9D,
    0xB3, 0x7D, 0x5D, 0xE2, 0xA6, 0x8C, 0xE2, 0xA6, 0x8E, 0xE2, 0xA6, 0x90, 0xC5, 0x99, 0xC5, 0x97,
    0xE2, 0x8C, 0x89, 0x7D, 0xD1, 0x80, 0xE2, 0xA4, 0xB7, 0xE2, 0xA5, 0xA9, 0xE2, 0x80, 0x9D, 0xE2,
    0x80, 0x9D, 0xE2, 0x86, 0xB3, 0xE2, 0x84, 0x9C, 0xE2, 0x84, 0x9B, 0xE2, 0x84, 0x9C, 0xE2, 0x84,
    0x9D, 0xE2, 0x96, 0xAD, 0xC2, 0xAE, 0xC2, 0xAE, 0xE2, 0xA5, 0xBD, 0xE2, 0x8C, 0x8B, 0xF0, 0x9D,
    0x94, 0xAF, 0xE2, 0x87, 0x81, 0xE2, 0x87, 0x80, 0xE2, 0xA5, 0xAC, 0xCF, 0x81, 0xCF, 0xB1, 0xE2,
    0x86, 0x92, 0xE2, 0x86, 0xA3, 0xE2, 0x87, 0x81, 0xE2, 0x87, 0x80, 0xE2, 0x87, 0x84, 0xE2, 0x87,
    0x8C, 0xE2, 0x87, 0x89, 0xE2, 0x86, 0x9D, 0xE2, 0x8B, 0x8C, 0xCB, 0x9A, 0xE2, 0x89, 0x93, 0xE2,
    0x87, 0x84, 0xE2, 0x87, 0x8C, 0xE2, 0x80, 0x8F, 0xE2, 0x8E, 0xB1, 0xE2, 0x8E, 0xB1, 0xE2, 0xAB,
    0xAE, 0xE2, 0x9F, 0xAD, 0xE2, 0x87, 0xBE, 0xE2, 0x9F, 0xA7, 0xE2, 0xA6, 0x86, 0xF0, 0x9D, 0x95,
    0xA3, 0xE2, 0xA8, 0xAE, 0xE2, 0xA8, 0xB5, 0x29, 0xE2, 0xA6, 0x94, 0xE2, 0xA8, 0x92, 0xE2, 0x87,
    0x89, 0xE2, 0x80, 0xBA, 0xF0, 0x9D, 0x93, 0x87, 0xE2, 0x86, 0xB1, 0x5D, 0xE2, 0x80, 0x99, 0xE2,
    0x80, 0x99, 0xE2, 0x8B, 0x8C, 0xE2, 0x8B, 0x8A, 0xE2, 0x96, 0xB9, 0xE2, 0x8A, 0xB5, 0xE2, 0x96,
    0xB8, 0xE2, 0xA7, 0x8E, 0xE2, 0xA5, 0xA8, 0xE2, 0x84, 0x9E, 0xC5, 0x9B, 0xE2, 0x80, 0x9A, 0xE2,
    0x89, 0xBB, 0xE2, 0xAA, 0xB4, 0xE2, 0xAA, 0xB8, 0xC5, 0xA1, 0xE2, 0x89, 0xBD, 0xE2, 0xAA, 0xB0,
    0xC5, 0x9F, 0xC5, 0x9D, 0xE2, 0xAA, 0xB6, 0xE2, 0xAA, 0xBA, 0xE2, 0x8B, 0xA9, 0xE2, 0xA8, 0x93,
    0xE2, 0x89, 0xBF, 0xD1, 0x81, 0xE2, 0x8B, 0x85, 0xE2, 0x8A, 0xA1, 0xE2, 0xA9, 0xA6, 0xE2, 0x87,
    0x98, 0xE2, 0xA4, 0xA5, 0xE2, 0x86, 0x98, 0xE2, 0x86, 0x98, 0xC2, 0xA7, 0xC2, 0xA7, 0x3B, 0xE2,
    0xA4, 0xA9, 0xE2, 0x88, 0x96, 0xE2, 0x88, 0x96, 0xE2, 0x9C, 0xB6, 0xF0, 0x9D, 0x94, 0xB0, 0xE2,
    0x8C, 0xA2, 0xE2, 0x99, 0xAF, 0xD1, 0x89, 0xD1, 0x88, 0xE2, 0x88, 0xA3, 0xE2, 0x88, 0xA5, 0xC2,
    0xAD, 0xC2, 0xAD, 0xCF, 0x83, 0xCF, 0x82, 0xCF, 0x82, 0xE2, 0x88, 0xBC, 0xE2, 0xA9, 0xAA, 0xE2,
    0x89, 0x83, 0xE2, 0x89, 0x83, 0xE2, 0xAA, 0x9E, 0xE2, 0xAA, 0xA0, 0xE2, 0xAA, 0x9D, 0xE2, 0xAA,
    0x9F, 0xE2, 0x89, 0x86, 0xE2, 0xA8, 0xA4, 0xE2, 0xA5, 0xB2, 0xE2, 0x86, 0x90, 0xE2, 0x88, 0x96,
    0xE2, 0xA8, 0xB3, 0xE2, 0xA7, 0xA4, 0xE2, 0x88, 0xA3, 0xE2, 0x8C, 0xA3, 0xE2, 0xAA, 0xAA, 0xE2,
    0xAA, 0xAC, 0xE2, 0xAA, 0xAC, 0xEF, 0xB8, 0x80, 0xD1, 0x8C, 0x2F, 0xE2, 0xA7, 0x84, 0xE2, 0x8C,
    0xBF, 0xF0, 0x9D, 0x95, 0xA4, 0xE2, 0x99, 0xA0, 0xE2, 0x99, 0xA0, 0xE2, 0x88, 0xA5, 0xE2, 0x8A,
    0x93, 0xE2, 0x8A, 0x93, 0xEF, 0xB8, 0x80, 0xE2, 0x8A, 0x94, 0xE2, 0x8A, 0x94, 0xEF, 0xB8, 0x80,
    0xE2, 0x8A, 0x8F, 0xE2, 0x8A, 0x91, 0xE2, 0x8A, 0x8F, 0xE2, 0x8A, 0x91, 0xE2, 0x8A, 0x90, 0xE2,
    0x8A, 0x92, 0xE2, 0x8A, 0x90, 0xE2, 0x8A, 0x92, 0xE2, 0x96, 0xA1, 0xE2, 0x96, 0xA1, 0xE2, 0x96,
    0xAA, 0xE2, 0x96, 0xAA, 0xE2, 0x86, 0x92, 0xF0, 0x9D, 0x93, 0x88, 0xE2, 0x88, 0x96, 0xE2, 0x8C,
    0xA3, 0xE2, 0x8B, 0x86, 0xE2, 0x98, 0x86, 0xE2, 0x98, 0x85, 0xCF, 0xB5, 0xCF, 0x95, 0xC2, 0xAF,
    0xE2, 0x8A, 0x82, 0xE2, 0xAB, 0x85, 0xE2, 0xAA, 0xBD, 0xE2, 0x8A, 0x86, 0xE2, 0xAB, 0x83, 0xE2,
    0xAB, 0x81, 0xE2, 0xAB, 0x8B, 0xE2, 0x8A, 0x8A, 0xE2, 0xAA, 0xBF, 0xE2, 0xA5, 0xB9, 0xE2, 0x8A,
    0x82, 0xE2, 0x8A, 0x86, 0xE2, 0xAB, 0x85, 0xE2, 0x8A, 0x8A, 0xE2, 0xAB, 0x8B, 0xE2, 0xAB, 0x87,
    0xE2, 0xAB, 0x95, 0xE2, 0xAB, 0x93, 0xE2, 0x89, 0xBB, 0xE2, 0xAA, 0xB8, 0xE2, 0x89, 0xBD, 0xE2,
    0xAA, 0xB0, 0xE2, 0xAA, 0xBA, 0xE2, 0xAA, 0xB6, 0xE2, 0x8B, 0xA9, 0xE2, 0x89, 0xBF, 0xE2, 0x88,
    0x91, 0xE2, 0x99, 0xAA, 0xC2, 0xB9, 0xC2, 0xB9, 0xC2, 0xB2, 0xC2, 0xB2, 0xC2, 0xB3, 0xC2, 0xB3,
    0xE2, 0x8A, 0x83, 0xE2, 0xAB, 0x86, 0xE2, 0xAA, 0xBE, 0xE2, 0xAB, 0x98, 0xE2, 0x8A, 0x87, 0xE2,
    0xAB, 0x84, 0xE2, 0x9F, 0x89, 0xE2, 0xAB, 0x97, 0xE2, 0xA5, 0xBB, 0xE2, 0xAB, 0x82, 0xE2, 0xAB,
    0x8C, 0xE2, 0x8A, 0x8B, 0xE2, 0xAB, 0x80, 0xE2, 0x8A, 0x83, 0xE2, 0x8A, 0x87, 0xE2, 0xAB, 0x86,
    0xE2, 0x8A, 0x8B, 0xE2, 0xAB, 0x8C, 0xE2, 0xAB, 0x88, 0xE2, 0xAB, 0x94, 0xE2, 0xAB, 0x96, 0xE2,
    0x87, 0x99, 0xE2, 0xA4, 0xA6, 0xE2, 0x86, 0x99, 0xE2, 0x86, 0x99, 0xE2, 0xA4, 0xAA, 0xC3, 0x9F,
    0xC3, 0x9F, 0xE2, 0x8C, 0x96, 0xCF, 0x84, 0xE2, 0x8E, 0xB4, 0xC5, 0xA5, 0xC5, 0xA3, 0xD1, 0x82,
    0xE2, 0x83, 0x9B, 0xE2, 0x8C, 0x95, 0xF0, 0x9D, 0x94, 0xB1, 0xE2, 0x88, 0xB4, 0xE2, 0x88, 0xB4,
    0xCE, 0xB8, 0xCF, 0x91, 0xCF, 0x91, 0xE2, 0x89, 0x88, 0xE2, 0x88, 0xBC, 0xE2, 0x80, 0x89, 0xE2,
    0x89, 0x88, 0xE2, 0x88, 0xBC, 0xC3, 0xBE, 0xC3, 0xBE, 0xCB, 0x9C, 0xC3, 0x97, 0xC3, 0x97, 0xE2,
    0x8A, 0xA0, 0xE2, 0xA8, 0xB1, 0xE2, 0xA8, 0xB0, 0xE2, 0x88, 0xAD, 0xE2, 0xA4, 0xA8, 0xE2, 0x8A,
    0xA4, 0xE2, 0x8C, 0xB6, 0xE2, 0xAB, 0xB1, 0xF0, 0x9D, 0x95, 0xA5, 0xE2, 0xAB, 0x9A, 0xE2, 0xA4,
    0xA9, 0xE2, 0x80, 0xB4, 0xE2, 0x84, 0xA2, 0xE2, 0x96, 0xB5, 0xE2, 0x96, 0xBF, 0xE2, 0x97, 0x83,
    0xE2, 0x8A, 0xB4, 0xE2, 0x89, 0x9C, 0xE2, 0x96, 0xB9, 0xE2, 0x8A, 0xB5, 0xE2, 0x97, 0xAC, 0xE2,
    0x89, 0x9C, 0xE2, 0xA8, 0xBA, 0xE2, 0xA8, 0xB9, 0xE2, 0xA7, 0x8D, 0xE2, 0xA8, 0xBB, 0xE2, 0x8F,
    0xA2, 0xF0, 0x9D, 0x93, 0x89, 0xD1, 0x86, 0xD1, 0x9B, 0xC5, 0xA7, 0xE2, 0x89, 0xAC, 0xE2, 0x86,
    0x9E, 0xE2, 0x86, 0xA0, 0xE2, 0x87, 0x91, 0xE2, 0xA5, 0xA3, 0xC3, 0xBA, 0xC3, 0xBA, 0xE2, 0x86,
    0x91, 0xD1, 0x9E, 0xC5, 0xAD, 0xC3, 0xBB, 0xC3, 0xBB, 0xD1, 0x83, 0xE2, 0x87, 0x85, 0xC5, 0xB1,
    0xE2, 0xA5, 0xAE, 0xE2, 0xA5, 0xBE, 0xF0, 0x9D, 0x94, 0xB2, 0xC3, 0xB9, 0xC3, 0xB9, 0xE2, 0x86,
    0xBF, 0xE2, 0x86, 0xBE, 0xE2, 0x96, 0x80, 0xE2, 0x8C, 0x9C, 0xE2, 0x8C, 0x9C, 0xE2, 0x8C, 0x8F,
    0xE2, 0x97, 0xB8, 0xC5, 0xAB, 0xC2, 0xA8, 0xC2, 0xA8, 0xC5, 0xB3, 0xF0, 0x9D, 0x95, 0xA6, 0xE2,
    0x86, 0x91, 0xE2, 0x86, 0x95, 0xE2, 0x86, 0xBF, 0xE2, 0x86, 0xBE, 0xE2, 0x8A, 0x8E, 0xCF, 0x85,
    0xCF, 0x92, 0xCF, 0x85, 0xE2, 0x87, 0x88, 0xE2, 0x8C, 0x9D, 0xE2, 0x8C, 0x9D, 0xE2, 0x8C, 0x8E,
    0xC5, 0xAF, 0xE2, 0x97, 0xB9, 0xF0, 0x9D, 0x93, 0x8A, 0xE2, 0x8B, 0xB0, 0xC5, 0xA9, 0xE2, 0x96,
    0xB5, 0xE2, 0x96, 0xB4, 0xE2, 0x87, 0x88, 0xC3, 0xBC, 0xC3, 0xBC, 0xE2, 0xA6, 0xA7, 0xE2, 0x87,
    0x95, 0xE2, 0xAB, 0xA8, 0xE2, 0xAB, 0xA9, 0xE2, 0x8A, 0xA8, 0xE2, 0xA6, 0x9C, 0xCF, 0xB5, 0xCF,
    0xB0, 0xE2, 0x88, 0x85, 0xCF, 0x95, 0xCF, 0x96, 0xE2, 0x88, 0x9D, 0xE2, 0x86, 0x95, 0xCF, 0xB1,
    0xCF, 0x82, 0xE2, 0x8A, 0x8A, 0xEF, 0xB8, 0x80, 0xE2, 0xAB, 0x8B, 0xEF, 0xB8, 0x80, 0xE2, 0x8A,
    0x8B, 0xEF, 0xB8, 0x80, 0xE2, 0xAB, 0x8C, 0xEF, 0xB8, 0x80, 0xCF, 0x91, 0xE2, 0x8A, 0xB2, 0xE2,
    0x8A, 0xB3, 0xD0, 0xB2, 0xE2, 0x8A, 0xA2, 0xE2, 0x88, 0xA8, 0xE2, 0x8A, 0xBB, 0xE2, 0x89, 0x9A,
    0xE2, 0x8B, 0xAE, 0x7C, 0x7C, 0xF0, 0x9D, 0x94, 0xB3, 0xE2, 0x8A, 0xB2, 0xE2, 0x8A, 0x82, 0xE2,
    0x83, 0x92, 0xE2, 0x8A, 0x83, 0xE2, 0x83, 0x92, 0xF0, 0x9D, 0x95, 0xA7, 0xE2, 0x88, 0x9D, 0xE2,
    0x8A, 0xB3, 0xF0, 0x9D, 0x93, 0x8B, 0xE2, 0xAB, 0x8B, 0xEF, 0xB8, 0x80, 0xE2, 0x8A, 0x8A, 0xEF,
    0xB8, 0x80, 0xE2, 0xAB, 0x8C, 0xEF, 0xB8, 0x80, 0xE2, 0x8A, 0x8B, 0xEF, 0xB8, 0x80, 0xE2, 0xA6,
    0x9A, 0xC5, 0xB5, 0xE2, 0xA9, 0x9F, 0xE2, 0x88, 0xA7, 0xE2, 0x89, 0x99, 0xE2, 0x84, 0x98, 0xF0,
    0x9D, 0x94, 0xB4, 0xF0, 0x9D, 0x95, 0xA8, 0xE2, 0x84, 0x98, 0xE2, 0x89, 0x80, 0xE2, 0x89, 0x80,
    0xF0, 0x9D, 0x93, 0x8C, 0xE2, 0x8B, 0x82, 0xE2, 0x97, 0xAF, 0xE2, 0x8B, 0x83, 0xE2, 0x96, 0xBD,
    0xF0, 0x9D, 0x94, 0xB5, 0xE2, 0x9F, 0xBA, 0xE2, 0x9F, 0xB7, 0xCE, 0xBE, 0xE2, 0x9F, 0xB8, 0xE2,
    0x9F, 0xB5, 0xE2, 0x9F, 0xBC, 0xE2, 0x8B, 0xBB, 0xE2, 0xA8, 0x80, 0xF0, 0x9D, 0x95, 0xA9, 0xE2,
    0xA8, 0x81, 0xE2, 0xA8, 0x82, 0xE2, 0x9F, 0xB9, 0xE2, 0x9F, 0xB6, 0xF0, 0x9D, 0x93, 0x8D, 0xE2,
    0xA8, 0x86, 0xE2, 0xA8, 0x84, 0xE2, 0x96, 0xB3, 0xE2, 0x8B, 0x81, 0xE2, 0x8B, 0x80, 0xC3, 0xBD,
    0xC3, 0xBD, 0xD1, 0x8F, 0xC5, 0xB7, 0xD1, 0x8B, 0xC2, 0xA5, 0xC2, 0xA5, 0xF0, 0x9D, 0x94, 0xB6,
    0xD1, 0x97, 0xF0, 0x9D, 0x95, 0xAA, 0xF0, 0x9D, 0x93, 0x8E, 0xD1, 0x8E, 0xC3, 0xBF, 0xC3, 0xBF,
    0xC5, 0xBA, 0xC5, 0xBE, 0xD0, 0xB7, 0xC5, 0xBC, 0xE2, 0x84, 0xA8, 0xCE, 0xB6, 0xF0, 0x9D, 0x94,
    0xB7, 0xD0, 0xB6, 0xE2, 0x87, 0x9D, 0xF0, 0x9D, 0x95, 0xAB, 0xF0, 0x9D, 0x93, 0x8F, 0xE2, 0x80,
    0x8D, 0xE2, 0x80, 0x8C,
];

pub(super) static ENTITY_NAME_ENDS: [u32; 2231] = [
    5, 11, 14, 18, 24, 31, 38, 43, 49, 53, 57, 63, 70, 76, 82, 86, 92, 97, 111, 116, 122, 127, 134,
    140, 147, 151, 156, 166, 171, 178, 182, 190, 201, 206, 210, 215, 221, 226, 233, 238, 242, 247,
    254, 258, 279, 287, 294, 300, 307, 313, 321, 326, 334, 344, 348, 352, 362, 374, 385, 397, 422,
    444, 460, 466, 473, 483, 490, 506, 511, 521, 553, 559, 564, 568, 575, 578, 587, 592, 597, 602,
    609, 614, 620, 627, 631, 635, 641, 645, 662, 677, 700, 717, 734, 742, 756, 761, 765, 772, 781,
    803, 813, 829, 845, 866, 880, 900, 925, 946, 963, 978, 992, 1010, 1028, 1038, 1051, 1068, 1078,
    1098, 1116, 1131, 1149, 1168, 1184, 1203, 1211, 1224, 1234, 1239, 1246, 1250, 1253, 1257, 1263,
    1270, 1277, 1282, 1288, 1292, 1297, 1301, 1307, 1314, 1322, 1328, 1345, 1366, 1372, 1377, 1385,
    1391, 1402, 1414, 1419, 1424, 1428, 1432, 1437, 1444, 1457, 1461, 1465, 1483, 1505, 1510, 1517,
    1528, 1533, 1538, 1540, 1543, 1549, 1556, 1563, 1570, 1576, 1580, 1585, 1589, 1592, 1597, 1610,
    1627, 1644, 1659, 1671, 1689, 1702, 1707, 1710, 1717, 1723, 1727, 1733, 1737, 1750, 1755, 1770,
    1775, 1782, 1795, 1805, 1810, 1816, 1821, 1827, 1834, 1839, 1845, 1849, 1854, 1858, 1864, 1871,
    1874, 1880, 1891, 1899, 1903, 1912, 1925, 1940, 1955, 1961, 1966, 1971, 1976, 1983, 1989, 1993,
    1998, 2004, 2008, 2012, 2017, 2022, 2029, 2035, 2040, 2045, 2051, 2058, 2062, 2066, 2071, 2076,
    2081, 2083, 2086, 2093, 2100, 2105, 2116, 2121, 2128, 2135, 2139, 2156, 2166, 2179, 2199, 2211,
    2229, 2247, 2262, 2280, 2290, 2305, 2321, 2329, 2342, 2356, 2369, 2385, 2403, 2420, 2436, 2449,
    2465, 2476, 2490, 2500, 2515, 2532, 2546, 2558, 2567, 2582, 2592, 2596, 2599, 2610, 2617, 2631,
    2650, 2665, 2679, 2698, 2713, 2718, 2733, 2749, 2754, 2758, 2765, 2768, 2772, 2776, 2788, 2798,
    2802, 2812, 2817, 2822, 2825, 2830, 2837, 2844, 2851, 2855, 2875, 2894, 2912, 2934, 2955, 2970,
    2978, 2982, 2990, 3007, 3012, 3016, 3029, 3039, 3060, 3071, 3080, 3094, 3104, 3115, 3131, 3151,
    3169, 3184, 3205, 3221, 3237, 3250, 3266, 3285, 3306, 3314, 3327, 3342, 3354, 3372, 3385, 3409,
    3427, 3439, 3456, 3478, 3496, 3513, 3533, 3555, 3571, 3592, 3610, 3633, 3643, 3658, 3670, 3687,
    3709, 3726, 3738, 3755, 3764, 3778, 3796, 3810, 3825, 3830, 3836, 3843, 3846, 3852, 3858, 3865,
    3870, 3876, 3880, 3887, 3891, 3897, 3904, 3910, 3916, 3924, 3929, 3950, 3965, 3968, 3973, 3979,
    3986, 3992, 3999, 4006, 4010, 4015, 4023, 4033, 4045, 4061, 4070, 4074, 4078, 4082, 4085, 4095,
    4109, 4114, 4117, 4126, 4140, 4159, 4173, 4179, 4187, 4198, 4211, 4216, 4220, 4224, 4229, 4233,
    4238, 4243, 4249, 4252, 4256, 4263, 4268, 4273, 4280, 4287, 4294, 4298, 4301, 4316, 4335, 4356,
    4360, 4364, 4382, 4393, 4407, 4427, 4440, 4459, 4478, 4494, 4513, 4524, 4533, 4547, 4562, 4576,
    4593, 4612, 4630, 4647, 4661, 4678, 4690, 4705, 4716, 4721, 4734, 4746, 4751, 4755, 4767, 4774,
    4779, 4786, 4793, 4796, 4803, 4810, 4816, 4820, 4824, 4839, 4854, 4870, 4883, 4889, 4901, 4906,
    4911, 4918, 4937, 4950, 4968, 4983, 5003, 5015, 5020, 5025, 5029, 5036, 5048, 5057, 5071, 5090,
    5104, 5113, 5117, 5121, 5130, 5144, 5151, 5156, 5162, 5168, 5174, 5179, 5183, 5187, 5194, 5201,
    5205, 5209, 5219, 5225, 5236, 5246, 5252, 5263, 5278, 5289, 5294, 5304, 5309, 5316, 5322, 5329,
    5334, 5343, 5349, 5356, 5361, 5367, 5371, 5378, 5382, 5388, 5395, 5401, 5410, 5421, 5434, 5451,
    5457, 5467, 5473, 5478, 5486, 5497, 5514, 5526, 5540, 5546, 5557, 5565, 5577, 5592, 5608, 5613,
    5621, 5627, 5632, 5639, 5643, 5648, 5654, 5659, 5663, 5669, 5676, 5680, 5687, 5692, 5704, 5717,
    5735, 5749, 5763, 5767, 5772, 5777, 5784, 5790, 5796, 5800, 5805, 5810, 5814, 5817, 5822, 5827,
    5832, 5837, 5842, 5848, 5855, 5861, 5865, 5869, 5874, 5879, 5884, 5889, 5896, 5903, 5907, 5912,
    5927, 5932, 5936, 5941, 5946, 5952, 5959, 5966, 5969, 5973, 5977, 5982, 5988, 5993, 5999, 6003,
    6008, 6014, 6017, 6021, 6027, 6034, 6042, 6048, 6054, 6060, 6066, 6069, 6073, 6077, 6084, 6089,
    6098, 6103, 6107, 6112, 6118, 6125, 6134, 6143, 6152, 6161, 6170, 6179, 6188, 6197, 6203, 6211,
    6220, 6227, 6233, 6241, 6247, 6252, 6255, 6259, 6266, 6270, 6275, 6280, 6287, 6296, 6301, 6307,
    6312, 6316, 6322, 6330, 6336, 6343, 6347, 6352, 6361, 6367, 6372, 6381, 6393, 6403, 6411, 6421,
    6428, 6435, 6444, 6449, 6458, 6464, 6468, 6474, 6481, 6489, 6497, 6503, 6510, 6515, 6520, 6528,
    6532, 6539, 6547, 6554, 6562, 6571, 6581, 6590, 6598, 6614, 6628, 6637, 6644, 6653, 6660, 6673,
    6685, 6699, 6717, 6735, 6754, 6760, 6766, 6772, 6778, 6784, 6788, 6796, 6801, 6806, 6810, 6817,
    6824, 6830, 6836, 6842, 6848, 6853, 6859, 6865, 6871, 6877, 6883, 6889, 6895, 6901, 6906, 6912,
    6918, 6924, 6930, 6936, 6942, 6949, 6955, 6961, 6967, 6973, 6978, 6984, 6990, 6996, 7002, 7011,
    7019, 7028, 7034, 7040, 7046, 7052, 7057, 7063, 7069, 7075, 7081, 7087, 7093, 7100, 7106, 7112,
    7119, 7124, 7130, 7135, 7141, 7146, 7152, 7161, 7166, 7173, 7178, 7184, 7190, 7197, 7204, 7208,
    7215, 7224, 7231, 7238, 7245, 7250, 7256, 7262, 7268, 7275, 7281, 7288, 7294, 7300, 7308, 7313,
    7318, 7324, 7332, 7336, 7341, 7351, 7355, 7360, 7366, 7376, 7380, 7384, 7389, 7394, 7401, 7417,
    7434, 7443, 7452, 7463, 7475, 7487, 7492, 7501, 7508, 7516, 7522, 7531, 7537, 7544, 7552, 7558,
    7565, 7570, 7577, 7588, 7598, 7603, 7611, 7618, 7623, 7630, 7634, 7639, 7646, 7652, 7658, 7663,
    7668, 7674, 7679, 7685, 7691, 7699, 7707, 7713, 7719, 7726, 7734, 7738, 7747, 7754, 7761, 7768,
    7774, 7779, 7786, 7794, 7806, 7818, 7827, 7838, 7844, 7851, 7866, 7882, 7888, 7894, 7903, 7909,
    7916, 7921, 7926, 7933, 7940, 7945, 7950, 7956, 7964, 7970, 7977, 7981, 7984, 7992, 7998, 8006,
    8009, 8013, 8019, 8027, 8034, 8038, 8044, 8050, 8055, 8063, 8075, 8081, 8085, 8093, 8099, 8103,
    8109, 8116, 8130, 8137, 8142, 8149, 8156, 8163, 8168, 8172, 8178, 8187, 8196, 8204, 8214, 8229,
    8239, 8254, 8270, 8287, 8296, 8303, 8310, 8315, 8320, 8325, 8332, 8338, 8343, 8349, 8355, 8361,
    8369, 8374, 8383, 8389, 8394, 8400, 8407, 8414, 8421, 8426, 8431, 8437, 8444, 8448, 8453, 8456,
    8462, 8466, 8469, 8475, 8482, 8486, 8493, 8496, 8505, 8509, 8513, 8520, 8526, 8532, 8541, 8548,
    8555, 8562, 8567, 8571, 8576, 8582, 8587, 8592, 8599, 8605, 8610, 8618, 8624, 8631, 8639, 8645,
    8656, 8668, 8675, 8682, 8688, 8696, 8705, 8711, 8717, 8722, 8728, 8733, 8737, 8740, 8744, 8748,
    8753, 8758, 8763, 8769, 8781, 8794, 8808, 8812, 8819, 8826, 8832, 8839, 8843, 8849, 8855, 8860,
    8866, 8872, 8877, 8882, 8889, 8894, 8900, 8909, 8915, 8922, 8929, 8935, 8942, 8949, 8956, 8963,
    8970, 8977, 8983, 8990, 8997, 9004, 9011, 9018, 9025, 9032, 9038, 9044, 9049, 9052, 9056, 9063,
    9069, 9076, 9080, 9087, 9093, 9097, 9102, 9105, 9109, 9113, 9118, 9127, 9131, 9137, 9144, 9152,
    9161, 9166, 9173, 9177, 9180, 9184, 9190, 9195, 9198, 9202, 9206, 9210, 9214, 9219, 9228, 9232,
    9237, 9243, 9249, 9254, 9260, 9265, 9270, 9276, 9282, 9284, 9287, 9292, 9298, 9304, 9311, 9319,
    9329, 9336, 9343, 9353, 9364, 9372, 9379, 9389, 9394, 9399, 9406, 9411, 9418, 9425, 9430, 9438,
    9444, 9449, 9455, 9462, 9472, 9479, 9486, 9490, 9499, 9508, 9514, 9521, 9535, 9550, 9555, 9562,
    9567, 9574, 9581, 9588, 9595, 9601, 9608, 9611, 9616, 9622, 9626, 9631, 9636, 9642, 9646, 9650,
    9656, 9663, 9666, 9673, 9679, 9686, 9692, 9698, 9704, 9710, 9719, 9728, 9734, 9739, 9745, 9748,
    9755, 9761, 9770, 9777, 9781, 9788, 9797, 9806, 9815, 9823, 9828, 9834, 9839, 9844, 9850, 9856,
    9863, 9868, 9873, 9879, 9887, 9893, 9900, 9906, 9909, 9916, 9922, 9926, 9931, 9937, 9941, 9945,
    9951, 9956, 9961, 9968, 9974, 9980, 9987, 9994, 9998, 10002, 10009, 10014, 10019, 10024, 10029,
    10035, 10040, 10047, 10053, 10056, 10060, 10065, 10072, 10081, 10088, 10095, 10100, 10106,
    10113, 10117, 10122, 10128, 10133, 10139, 10147, 10154, 10161, 10168, 10175, 10183, 10190,
    10194, 10201, 10206, 10212, 10218, 10224, 10231, 10238, 10244, 10252, 10260, 10267, 10274,
    10280, 10285, 10289, 10294, 10300, 10307, 10315, 10324, 10329, 10332, 10342, 10356, 10372,
    10386, 10401, 10416, 10432, 10450, 10470, 10485, 10489, 10493, 10498, 10507, 10511, 10517,
    10524, 10532, 10541, 10546, 10553, 10564, 10572, 10582, 10593, 10601, 10609, 10616, 10623,
    10627, 10630, 10634, 10640, 10646, 10653, 10659, 10664, 10667, 10673, 10682, 10689, 10695,
    10702, 10709, 10720, 10724, 10729, 10738, 10742, 10747, 10753, 10759, 10765, 10771, 10777,
    10791, 10810, 10821, 10836, 10850, 10865, 10871, 10876, 10883, 10891, 10898, 10905, 10909,
    10917, 10922, 10927, 10934, 10940, 10949, 10955, 10962, 10966, 10972, 10979, 10984, 10988,
    10993, 10999, 11005, 11010, 11016, 11023, 11030, 11032, 11035, 11040, 11046, 11052, 11059,
    11066, 11073, 11081, 11088, 11093, 11099, 11105, 11114, 11122, 11132, 11137, 11143, 11147,
    11152, 11157, 11162, 11170, 11174, 11181, 11192, 11203, 11212, 11219, 11226, 11230, 11236,
    11250, 11254, 11258, 11263, 11269, 11273, 11280, 11287, 11293, 11300, 11306, 11313, 11320,
    11328, 11333, 11338, 11345, 11352, 11357, 11360, 11365, 11372, 11375, 11384, 11390, 11394,
    11398, 11403, 11414, 11430, 11434, 11438, 11443, 11455, 11462, 11469, 11475, 11482, 11487,
    11491, 11496, 11502, 11508, 11516, 11522, 11530, 11539, 11543, 11548, 11554, 11561, 11566,
    11573, 11580, 11586, 11595, 11600, 11604, 11610, 11613, 11619, 11626, 11632, 11640, 11646,
    11653, 11660, 11666, 11673, 11681, 11685, 11689, 11693, 11698, 11704, 11714, 11719, 11725,
    11729, 11734, 11740, 11746, 11752, 11755, 11759, 11764, 11768, 11773, 11779, 11783, 11789,
    11794, 11798, 11809, 11825, 11830, 11836, 11846, 11851, 11857, 11863, 11867, 11873, 11880,
    11885, 11890, 11893, 11897, 11903, 11910, 11919, 11927, 11935, 11943, 11949, 11957, 11965,
    11973, 11978, 11988, 11995, 12001, 12009, 12013, 12020, 12025, 12031, 12039, 12045, 12051,
    12058, 12065, 12077, 12083, 12090, 12094, 12101, 12106, 12111, 12121, 12136, 12141, 12147,
    12154, 12160, 12166, 12174, 12182, 12187, 12193, 12199, 12207, 12217, 12228, 12234, 12242,
    12247, 12253, 12259, 12267, 12277, 12288, 12293, 12299, 12306, 12311, 12325, 12341, 12356,
    12373, 12376, 12380, 12387, 12393, 12400, 12407, 12412, 12419, 12424, 12429, 12437, 12444,
    12449, 12454, 12462, 12469, 12477, 12483, 12489, 12496, 12502, 12510, 12517, 12520, 12526,
    12533, 12538, 12543, 12548, 12554, 12558, 12564, 12571, 12576, 12581, 12588, 12594, 12600,
    12604, 12609, 12615, 12622, 12626, 12632, 12636, 12641, 12647, 12653, 12661, 12667, 12671,
    12677, 12683, 12691, 12696, 12703, 12708, 12713, 12719, 12725, 12728, 12734, 12738, 12744,
    12752, 12756, 12761, 12765, 12770, 12777, 12782, 12790, 12794, 12799, 12805, 12812, 12817,
    12823, 12830, 12837, 12846, 12850, 12855, 12861, 12865, 12869, 12874, 12883, 12890, 12896,
    12901, 12905, 12912, 12919, 12926, 12931, 12939, 12943, 12947, 12952, 12959, 12965, 12968,
    12978, 12982, 12989, 12997, 13004, 13009, 13018, 13024, 13032, 13039, 13046, 13052, 13058,
    13065, 13073, 13081, 13084, 13093, 13098, 13103, 13109, 13112, 13116, 13121, 13127, 13131,
    13136, 13147, 13159, 13166, 13178, 13187, 13196, 13204, 13210, 13217, 13222, 13228, 13235,
    13240, 13249, 13258, 13267, 13272, 13279, 13285, 13292, 13297, 13301, 13308, 13312, 13317,
    13322, 13329, 13334, 13346, 13354, 13360, 13368, 13372, 13377, 13383, 13388, 13395, 13401,
    13406, 13411, 13418, 13424, 13433, 13438, 13444, 13450, 13457, 13462, 13468, 13473, 13480,
    13486, 13494, 13500, 13507, 13514, 13521, 13528, 13536, 13543, 13549, 13556, 13562, 13572,
    13578, 13584, 13591, 13598, 13604, 13612, 13620, 13627, 13634, 13640, 13645, 13649, 13654,
    13662, 13668, 13675, 13680, 13685, 13693, 13702, 13708, 13713, 13716, 13720, 13727, 13734,
    13738, 13744, 13750, 13757, 13761, 13766, 13777, 13792, 13809, 13824, 13840, 13858, 13875,
    13891, 13907, 13912, 13925, 13931, 13937, 13941, 13948, 13959, 13965, 13971, 13977, 13983,
    13989, 13994, 14001, 14009, 14014, 14021, 14030, 14036, 14043, 14048, 14052, 14057, 14063,
    14070, 14077, 14084, 14089, 14095, 14101, 14110, 14118, 14121, 14128, 14134, 14137, 14141,
    14146, 14153, 14159, 14163, 14170, 14176, 14181, 14187, 14194, 14203, 14209, 14213, 14218,
    14224, 14230, 14236, 14243, 14249, 14257, 14261, 14266, 14271, 14278, 14287, 14293, 14298,
    14302, 14309, 14315, 14322, 14327, 14336, 14350, 14353, 14357, 14363, 14370, 14377, 14381,
    14388, 14393, 14399, 14404, 14410, 14415, 14421, 14427, 14435, 14443, 14449, 14463, 14470,
    14479, 14484, 14490, 14494, 14499, 14505, 14512, 14516, 14521, 14528, 14533, 14540, 14550,
    14555, 14561, 14568, 14574, 14581, 14587, 14594, 14603, 14614, 14620, 14627, 14636, 14647,
    14651, 14658, 14665, 14670, 14676, 14681, 14688, 14695, 14702, 14707, 14713, 14729, 14741,
    14747, 14751, 14756, 14763, 14768, 14776, 14784, 14790, 14796, 14804, 14812, 14819, 14828,
    14838, 14848, 14859, 14866, 14873, 14880, 14885, 14896, 14908, 14915, 14927, 14936, 14945,
    14953, 14957, 14962, 14966, 14971, 14975, 14980, 14984, 14989, 14993, 14998, 15005, 15013,
    15018, 15026, 15034, 15042, 15050, 15058, 15064, 15070, 15078, 15085, 15094, 15104, 15114,
    15125, 15132, 15139, 15146, 15152, 15159, 15165, 15173, 15180, 15185, 15191, 15198, 15202,
    15207, 15214, 15221, 15225, 15230, 15237, 15241, 15248, 15258, 15264, 15273, 15280, 15292,
    15301, 15308, 15314, 15321, 15326, 15332, 15338, 15343, 15349, 15356, 15365, 15372, 15377,
    15382, 15386, 15393, 15400, 15405, 15413, 15418, 15425, 15431, 15440, 15453, 15466, 15481,
    15491, 15505, 15521, 15528, 15533, 15542, 15550, 15556, 15564, 15573, 15578, 15583, 15589,
    15596, 15602, 15619, 15637, 15642, 15647, 15653, 15660, 15665, 15671, 15678, 15683, 15689,
    15693, 15699, 15706, 15712, 15719, 15723, 15729, 15736, 15742, 15748, 15754, 15761, 15770,
    15777, 15783, 15789, 15792, 15796, 15802, 15807, 15815, 15827, 15841, 15856, 15862, 15867,
    15873, 15881, 15892, 15899, 15908, 15915, 15921, 15927, 15932, 15938, 15945, 15950, 15956,
    15962, 15966, 15971, 15979, 15984, 15989, 15995, 16001, 16008, 16019, 16028, 16039, 16046,
    16052, 16062, 16067, 16074, 16083, 16096, 16110, 16123, 16137, 16146, 16162, 16179, 16183,
    16189, 16193, 16200, 16206, 16213, 16220, 16225, 16229, 16235, 16241, 16247, 16252, 16258,
    16264, 16269, 16276, 16283, 16290, 16297, 16305, 16311, 16318, 16324, 16331, 16338, 16342,
    16347, 16350, 16353, 16360, 16365, 16370, 16376, 16381, 16387, 16391, 16397, 16403, 16406,
    16412, 16418, 16423, 16428, 16434, 16439, 16446, 16453, 16459, 16465, 16470, 16477, 16484,
    16490, 16495, 16502, 16508, 16515, 16520, 16526, 16530, 16533, 16537, 16541, 16546, 16551,
    16556, 16561, 16565, 16570, 16577, 16584, 16588, 16593, 16600, 16605, 16609, 16614, 16622,
    16627, 16632, 16636, 16641,
];

pub(super) static ENTITY_VALUE_ENDS: [u32; 2231] = [
    2, 4, 5, 6, 8, 10, 12, 14, 16, 18, 22, 24, 26, 28, 30, 33, 35, 39, 42, 44, 46, 50, 53, 55, 57,
    59, 61, 64, 67, 70, 72, 75, 78, 80, 84, 88, 90, 93, 96, 98, 100, 102, 104, 107, 110, 113, 115,
    117, 119, 121, 124, 126, 128, 130, 133, 135, 138, 141, 144, 147, 150, 153, 156, 159, 162, 165,
    168, 171, 174, 177, 180, 183, 187, 190, 193, 196, 199, 201, 203, 205, 208, 211, 214, 216, 218,
    221, 223, 227, 229, 231, 233, 234, 236, 239, 242, 246, 248, 251, 254, 257, 259, 262, 265, 268,
    271, 274, 277, 280, 283, 286, 289, 292, 295, 298, 301, 304, 306, 309, 312, 315, 318, 321, 324,
    327, 330, 333, 336, 340, 342, 344, 346, 348, 350, 352, 354, 356, 358, 360, 362, 366, 368, 370,
    373, 375, 378, 381, 383, 387, 389, 392, 395, 398, 401, 404, 406, 408, 410, 413, 416, 418, 422,
    425, 428, 432, 435, 438, 441, 443, 444, 445, 447, 449, 451, 453, 455, 457, 459, 463, 466, 470,
    473, 476, 479, 482, 485, 488, 491, 495, 498, 500, 502, 503, 505, 508, 511, 514, 517, 520, 522,
    525, 528, 530, 532, 534, 536, 538, 540, 542, 544, 546, 549, 551, 553, 556, 558, 561, 564, 567,
    570, 573, 576, 579, 581, 585, 587, 590, 592, 594, 596, 598, 600, 602, 606, 610, 614, 616, 618,
    620, 622, 624, 626, 628, 632, 636, 640, 642, 643, 644, 646, 648, 651, 654, 657, 659, 661, 663,
    666, 669, 672, 675, 678, 681, 684, 687, 690, 693, 696, 699, 702, 705, 708, 711, 714, 717, 720,
    723, 726, 729, 732, 735, 738, 741, 744, 747, 750, 753, 756, 759, 763, 766, 769, 771, 774, 777,
    780, 783, 786, 789, 793, 796, 799, 802, 805, 807, 810, 813, 815, 818, 821, 825, 828, 832, 835,
    837, 839, 841, 843, 845, 847, 850, 853, 856, 859, 862, 865, 866, 870, 873, 875, 878, 881, 884,
    887, 890, 893, 896, 901, 904, 907, 910, 915, 920, 923, 928, 931, 936, 941, 944, 949, 952, 955,
    958, 961, 966, 971, 974, 979, 984, 987, 992, 995, 998, 1001, 1006, 1009, 1014, 1017, 1022,
    1025, 1031, 1034, 1037, 1042, 1045, 1050, 1056, 1059, 1062, 1065, 1068, 1071, 1074, 1078, 1080,
    1082, 1084, 1086, 1088, 1090, 1092, 1094, 1096, 1098, 1102, 1104, 1106, 1108, 1110, 1112, 1116,
    1119, 1122, 1125, 1129, 1131, 1133, 1135, 1137, 1140, 1142, 1144, 1147, 1150, 1153, 1156, 1159,
    1161, 1165, 1167, 1169, 1171, 1174, 1177, 1180, 1183, 1186, 1189, 1192, 1195, 1198, 1201, 1204,
    1208, 1210, 1211, 1212, 1216, 1219, 1223, 1226, 1228, 1230, 1232, 1235, 1238, 1241, 1243, 1245,
    1247, 1250, 1253, 1256, 1259, 1262, 1264, 1267, 1270, 1273, 1276, 1279, 1282, 1285, 1288, 1291,
    1294, 1297, 1300, 1303, 1306, 1309, 1312, 1315, 1318, 1321, 1324, 1327, 1330, 1333, 1336, 1339,
    1342, 1345, 1348, 1351, 1353, 1355, 1357, 1359, 1362, 1364, 1366, 1368, 1370, 1374, 1377, 1380,
    1383, 1386, 1388, 1391, 1395, 1398, 1401, 1404, 1407, 1410, 1413, 1416, 1419, 1423, 1426, 1429,
    1432, 1435, 1438, 1441, 1444, 1447, 1450, 1453, 1456, 1459, 1462, 1465, 1467, 1469, 1472, 1474,
    1476, 1477, 1479, 1481, 1483, 1485, 1489, 1492, 1494, 1500, 1503, 1506, 1509, 1512, 1515, 1519,
    1522, 1526, 1528, 1530, 1532, 1535, 1538, 1540, 1542, 1544, 1546, 1548, 1550, 1554, 1556, 1558,
    1560, 1561, 1564, 1567, 1570, 1573, 1576, 1578, 1582, 1585, 1588, 1591, 1594, 1597, 1600, 1603,
    1606, 1609, 1612, 1615, 1617, 1619, 1621, 1625, 1627, 1629, 1631, 1634, 1637, 1639, 1642, 1645,
    1648, 1651, 1654, 1657, 1658, 1661, 1664, 1667, 1671, 1675, 1679, 1682, 1684, 1687, 1691, 1695,
    1699, 1703, 1705, 1709, 1713, 1715, 1717, 1719, 1721, 1723, 1725, 1727, 1731, 1735, 1739, 1741,
    1743, 1745, 1747, 1749, 1751, 1754, 1756, 1759, 1762, 1766, 1768, 1770, 1772, 1775, 1780, 1783,
    1785, 1787, 1789, 1791, 1793, 1795, 1797, 1800, 1804, 1806, 1808, 1811, 1814, 1816, 1818, 1821,
    1822, 1823, 1826, 1829, 1832, 1835, 1838, 1841, 1844, 1847, 1850, 1853, 1856, 1859, 1862, 1865,
    1868, 1871, 1874, 1877, 1880, 1883, 1886, 1888, 1891, 1893, 1897, 1900, 1903, 1906, 1909, 1912,
    1913, 1916, 1919, 1921, 1923, 1927, 1928, 1931, 1934, 1936, 1938, 1940, 1942, 1945, 1948, 1951,
    1954, 1956, 1959, 1962, 1965, 1968, 1971, 1974, 1977, 1980, 1983, 1985, 1988, 1991, 1994, 1997,
    1999, 2002, 2004, 2007, 2010, 2014, 2017, 2020, 2023, 2026, 2029, 2032, 2035, 2038, 2041, 2044,
    2047, 2050, 2053, 2056, 2059, 2062, 2065, 2068, 2071, 2074, 2077, 2080, 2083, 2086, 2089, 2093,
    2099, 2102, 2106, 2109, 2112, 2115, 2118, 2121, 2124, 2127, 2130, 2133, 2136, 2139, 2142, 2145,
    2148, 2151, 2154, 2157, 2160, 2163, 2166, 2169, 2172, 2175, 2178, 2181, 2184, 2187, 2190, 2193,
    2196, 2199, 2202, 2205, 2208, 2211, 2214, 2217, 2220, 2223, 2226, 2229, 2232, 2235, 2238, 2241,
    2244, 2247, 2250, 2252, 2254, 2256, 2260, 2263, 2266, 2269, 2270, 2273, 2276, 2279, 2282, 2285,
    2288, 2291, 2294, 2296, 2299, 2302, 2305, 2308, 2311, 2314, 2320, 2323, 2325, 2328, 2330, 2332,
    2334, 2336, 2339, 2342, 2344, 2346, 2348, 2351, 2353, 2355, 2357, 2361, 2363, 2366, 2369, 2371,
    2374, 2377, 2379, 2382, 2385, 2388, 2390, 2393, 2396, 2399, 2402, 2405, 2408, 2411, 2414, 2417,
    2420, 2421, 2424, 2427, 2428, 2429, 2432, 2435, 2438, 2441, 2444, 2447, 2450, 2454, 2457, 2459,
    2461, 2464, 2467, 2470, 2474, 2477, 2480, 2483, 2486, 2489, 2492, 2495, 2498, 2501, 2504, 2507,
    2510, 2513, 2516, 2519, 2522, 2525, 2531, 2534, 2537, 2540, 2543, 2546, 2549, 2551, 2553, 2556,
    2559, 2562, 2565, 2568, 2571, 2574, 2577, 2580, 2583, 2586, 2589, 2592, 2595, 2598, 2600, 2602,
    2604, 2607, 2610, 2613, 2616, 2618, 2620, 2622, 2625, 2628, 2632, 2635, 2638, 2641, 2644, 2647,
    2650, 2652, 2654, 2657, 2659, 2661, 2663, 2666, 2669, 2671, 2674, 2677, 2678, 2682, 2684, 2687,
    2690, 2693, 2696, 2699, 2702, 2705, 2708, 2711, 2714, 2717, 2720, 2723, 2727, 2729, 2732, 2734,
    2737, 2740, 2743, 2746, 2749, 2752, 2754, 2757, 2760, 2763, 2765, 2767, 2770, 2772, 2775, 2777,
    2779, 2782, 2784, 2786, 2789, 2792, 2796, 2799, 2801, 2803, 2806, 2809, 2812, 2815, 2818, 2821,
    2824, 2826, 2829, 2832, 2835, 2838, 2841, 2844, 2846, 2849, 2851, 2855, 2858, 2861, 2864, 2866,
    2868, 2870, 2873, 2876, 2879, 2882, 2885, 2886, 2889, 2892, 2895, 2898, 2901, 2904, 2907, 2910,
    2913, 2915, 2917, 2919, 2921, 2923, 2926, 2927, 2930, 2933, 2936, 2939, 2941, 2944, 2947, 2950,
    2953, 2957, 2960, 2962, 2965, 2968, 2971, 2973, 2977, 2980, 2983, 2986, 2989, 2991, 2993, 2996,
    2998, 3000, 3003, 3006, 3009, 3012, 3015, 3017, 3019, 3022, 3025, 3028, 3031, 3034, 3037, 3040,
    3043, 3047, 3050, 3053, 3055, 3057, 3059, 3062, 3064, 3066, 3068, 3070, 3073, 3076, 3079, 3082,
    3085, 3088, 3091, 3094, 3097, 3100, 3106, 3109, 3113, 3116, 3119, 3122, 3124, 3127, 3130, 3133,
    3136, 3139, 3142, 3145, 3148, 3151, 3154, 3157, 3161, 3162, 3165, 3168, 3171, 3174, 3175, 3176,
    3179, 3182, 3185, 3188, 3191, 3194, 3197, 3200, 3203, 3206, 3209, 3212, 3218, 3224, 3227, 3230,
    3232, 3235, 3237, 3240, 3243, 3246, 3249, 3251, 3254, 3257, 3260, 3263, 3267, 3270, 3273, 3276,
    3279, 3282, 3285, 3289, 3292, 3296, 3299, 3301, 3304, 3307, 3309, 3311, 3314, 3316, 3318, 3320,
    3322, 3324, 3326, 3329, 3333, 3335, 3337, 3340, 3343, 3346, 3349, 3352, 3354, 3356, 3359, 3362,
    3365, 3367, 3370, 3372, 3375, 3378, 3381, 3384, 3386, 3389, 3392, 3395, 3398, 3401, 3404, 3406,
    3408, 3412, 3414, 3417, 3419, 3421, 3425, 3428, 3431, 3434, 3437, 3440, 3443, 3446, 3448, 3450,
    3452, 3454, 3456, 3458, 3462, 3464, 3468, 3472, 3474, 3476, 3478, 3480, 3482, 3484, 3488, 3490,
    3492, 3494, 3498, 3502, 3505, 3508, 3511, 3514, 3517, 3520, 3523, 3525, 3528, 3531, 3533, 3536,
    3539, 3542, 3545, 3547, 3549, 3552, 3555, 3558, 3561, 3564, 3567, 3570, 3573, 3576, 3579, 3582,
    3585, 3591, 3594, 3597, 3598, 3599, 3602, 3605, 3608, 3610, 3612, 3615, 3616, 3618, 3621, 3624,
    3627, 3630, 3633, 3636, 3639, 3642, 3645, 3648, 3651, 3654, 3657, 3660, 3663, 3666, 3669, 3672,
    3675, 3678, 3681, 3684, 3687, 3690, 3693, 3696, 3702, 3705, 3708, 3711, 3714, 3717, 3720, 3723,
    3726, 3729, 3733, 3736, 3739, 3742, 3745, 3748, 3751, 3753, 3756, 3759, 3762, 3765, 3768, 3770,
    3773, 3776, 3779, 3782, 3785, 3788, 3791, 3794, 3797, 3800, 3803, 3806, 3809, 3812, 3815, 3818,
    3821, 3824, 3827, 3831, 3834, 3837, 3840, 3841, 3844, 3847, 3850, 3851, 3854, 3857, 3860, 3863,
    3866, 3869, 3872, 3875, 3879, 3882, 3885, 3888, 3891, 3892, 3895, 3898, 3900, 3901, 3902, 3905,
    3908, 3911, 3914, 3917, 3920, 3923, 3926, 3929, 3932, 3935, 3938, 3941, 3947, 3953, 3956, 3958,
    3960, 3963, 3966, 3969, 3972, 3975, 3978, 3981, 3984, 3987, 3990, 3992, 3995, 3998, 4002, 4005,
    4007, 4009, 4012, 4013, 4016, 4018, 4020, 4023, 4026, 4029, 4032, 4035, 4038, 4041, 4044, 4048,
    4051, 4055, 4058, 4060, 4063, 4066, 4071, 4077, 4082, 4085, 4088, 4093, 4099, 4104, 4107, 4110,
    4113, 4116, 4118, 4124, 4127, 4132, 4137, 4139, 4142, 4145, 4148, 4151, 4153, 4155, 4160, 4165,
    4168, 4170, 4172, 4175, 4180, 4183, 4185, 4188, 4191, 4194, 4197, 4200, 4203, 4208, 4211, 4214,
    4219, 4222, 4225, 4229, 4234, 4237, 4240, 4245, 4250, 4255, 4258, 4261, 4264, 4267, 4270, 4273,
    4276, 4279, 4282, 4285, 4287, 4290, 4295, 4298, 4301, 4304, 4307, 4310, 4313, 4318, 4323, 4328,
    4331, 4334, 4337, 4340, 4343, 4346, 4350, 4352, 4354, 4357, 4362, 4367, 4370, 4373, 4376, 4379,
    4382, 4385, 4388, 4391, 4394, 4400, 4405, 4408, 4411, 4414, 4419, 4422, 4427, 4430, 4433, 4438,
    4443, 4446, 4449, 4452, 4455, 4458, 4463, 4467, 4470, 4473, 4476, 4479, 4482, 4485, 4488, 4491,
    4494, 4497, 4502, 4505, 4511, 4514, 4519, 4522, 4527, 4530, 4535, 4538, 4544, 4547, 4552, 4555,
    4557, 4559, 4562, 4565, 4568, 4571, 4574, 4576, 4577, 4580, 4583, 4586, 4589, 4595, 4598, 4604,
    4608, 4611, 4614, 4620, 4624, 4630, 4633, 4639, 4645, 4648, 4651, 4654, 4657, 4660, 4663, 4665,
    4667, 4670, 4673, 4675, 4677, 4679, 4682, 4684, 4687, 4690, 4693, 4695, 4698, 4702, 4704, 4706,
    4708, 4711, 4714, 4716, 4719, 4722, 4725, 4728, 4731, 4734, 4736, 4738, 4740, 4743, 4746, 4750,
    4753, 4756, 4759, 4762, 4765, 4768, 4771, 4774, 4776, 4778, 4780, 4782, 4785, 4788, 4791, 4794,
    4797, 4799, 4801, 4804, 4806, 4808, 4811, 4814, 4816, 4818, 4821, 4824, 4826, 4828, 4831, 4834,
    4837, 4840, 4842, 4843, 4844, 4847, 4850, 4853, 4857, 4859, 4861, 4864, 4867, 4869, 4872, 4874,
    4877, 4880, 4883, 4884, 4887, 4890, 4893, 4896, 4899, 4902, 4904, 4906, 4909, 4912, 4914, 4917,
    4921, 4923, 4925, 4928, 4931, 4934, 4937, 4940, 4943, 4946, 4949, 4952, 4955, 4958, 4961, 4964,
    4967, 4970, 4973, 4976, 4979, 4982, 4985, 4988, 4991, 4994, 4997, 5000, 5003, 5007, 5009, 5012,
    5016, 5019, 5023, 5026, 5030, 5033, 5036, 5037, 5040, 5041, 5042, 5045, 5048, 5051, 5054, 5057,
    5062, 5064, 5067, 5070, 5073, 5076, 5079, 5082, 5084, 5086, 5089, 5092, 5095, 5098, 5101, 5104,
    5107, 5110, 5113, 5116, 5119, 5122, 5125, 5128, 5131, 5134, 5137, 5138, 5139, 5142, 5145, 5148,
    5150, 5152, 5155, 5156, 5158, 5161, 5164, 5167, 5170, 5173, 5176, 5179, 5182, 5185, 5188, 5190,
    5192, 5195, 5198, 5202, 5205, 5208, 5211, 5213, 5215, 5218, 5221, 5224, 5227, 5230, 5233, 5236,
    5239, 5242, 5244, 5247, 5250, 5253, 5256, 5259, 5262, 5265, 5268, 5271, 5274, 5277, 5281, 5284,
    5287, 5288, 5291, 5294, 5297, 5300, 5304, 5307, 5308, 5311, 5314, 5317, 5320, 5323, 5326, 5329,
    5332, 5335, 5338, 5340, 5343, 5346, 5349, 5352, 5354, 5357, 5360, 5362, 5364, 5367, 5370, 5373,
    5376, 5379, 5381, 5384, 5387, 5390, 5393, 5396, 5399, 5402, 5404, 5406, 5407, 5410, 5413, 5416,
    5419, 5423, 5426, 5429, 5431, 5433, 5436, 5439, 5441, 5443, 5445, 5447, 5449, 5452, 5455, 5458,
    5461, 5464, 5467, 5470, 5473, 5476, 5479, 5482, 5485, 5488, 5491, 5494, 5497, 5500, 5503, 5506,
    5512, 5514, 5515, 5518, 5521, 5525, 5528, 5531, 5534, 5537, 5543, 5546, 5552, 5555, 5558, 5561,
    5564, 5567, 5570, 5573, 5576, 5579, 5582, 5585, 5588, 5591, 5595, 5598, 5601, 5604, 5607, 5610,
    5612, 5614, 5616, 5619, 5622, 5625, 5628, 5631, 5634, 5637, 5640, 5643, 5646, 5649, 5652, 5655,
    5658, 5661, 5664, 5667, 5670, 5673, 5676, 5679, 5682, 5685, 5688, 5691, 5694, 5697, 5700, 5702,
    5704, 5706, 5708, 5710, 5712, 5715, 5718, 5721, 5724, 5727, 5730, 5733, 5736, 5739, 5742, 5745,
    5748, 5751, 5754, 5757, 5760, 5763, 5766, 5769, 5772, 5775, 5778, 5781, 5784, 5787, 5790, 5792,
    5794, 5797, 5799, 5802, 5804, 5806, 5808, 5811, 5814, 5818, 5821, 5824, 5826, 5828, 5830, 5833,
    5836, 5839, 5842, 5845, 5847, 5849, 5851, 5853, 5855, 5858, 5861, 5864, 5867, 5870, 5873, 5876,
    5879, 5883, 5886, 5889, 5892, 5895, 5898, 5901, 5904, 5907, 5910, 5913, 5916, 5919, 5922, 5925,
    5928, 5931, 5934, 5937, 5941, 5943, 5945, 5947, 5950, 5953, 5956, 5959, 5962, 5964, 5966, 5969,
    5971, 5973, 5975, 5977, 5979, 5982, 5984, 5987, 5990, 5994, 5996, 5998, 6001, 6004, 6007, 6010,
    6013, 6016, 6019, 6021, 6023, 6025, 6027, 6031, 6034, 6037, 6040, 6043, 6046, 6048, 6050, 6052,
    6055, 6058, 6061, 6064, 6066, 6069, 6073, 6076, 6078, 6081, 6084, 6087, 6089, 6091, 6094, 6097,
    6100, 6103, 6106, 6109, 6111, 6113, 6116, 6118, 6120, 6123, 6126, 6128, 6130, 6136, 6142, 6148,
    6154, 6156, 6159, 6162, 6164, 6167, 6170, 6173, 6176, 6179, 6180, 6181, 6185, 6188, 6194, 6200,
    6204, 6207, 6210, 6214, 6220, 6226, 6232, 6238, 6241, 6243, 6246, 6249, 6252, 6255, 6259, 6263,
    6266, 6269, 6272, 6276, 6279, 6282, 6285, 6288, 6292, 6295, 6298, 6300, 6303, 6306, 6309, 6312,
    6315, 6319, 6322, 6325, 6328, 6331, 6335, 6338, 6341, 6344, 6347, 6350, 6352, 6354, 6356, 6358,
    6360, 6362, 6364, 6368, 6370, 6374, 6378, 6380, 6382, 6384, 6386, 6388, 6390, 6392, 6395, 6397,
    6401, 6403, 6406, 6410, 6414, 6417, 6420,
];
